image_id,file_name,gt_id,gt_category_id,area,area_bucket,bbox_xywh,best_same_score,best_same_iou,best_any_category_id,best_any_score,best_any_iou
477,Japan_007618.jpg,998,0,44032.0,large,"[130.0, 94.0, 128.0, 344.0]",0.7579326629638672,0.6254205078035528,2,0.015283710323274136,0.6364719843998204
300,Japan_004792.jpg,601,2,12351.0,large,"[370.0, 436.0, 179.0, 69.0]",0.66959547996521,0.4543093128686238,2,0.66959547996521,0.4543093128686238
534,Japan_008755.jpg,1135,1,1582.0,medium,"[218.0, 515.0, 113.0, 14.0]",0.6374647617340088,0.4141816603718963,1,0.6374647617340088,0.4141816603718963
494,Japan_007944.jpg,1040,1,2074.0,medium,"[25.0, 548.0, 122.0, 17.0]",0.5884095430374146,0.447803155038553,1,0.5884095430374146,0.447803155038553
395,Japan_006253.jpg,806,0,4223.0,medium,"[284.0, 490.0, 41.0, 103.0]",0.5628977417945862,0.49867711808952725,0,0.5628977417945862,0.49867711808952725
499,Japan_008025.jpg,1051,0,1485.0,medium,"[241.0, 282.0, 27.0, 55.0]",0.5574337840080261,0.4711717002498551,2,0.014904990792274475,0.6138953444602016
213,Japan_003626.jpg,424,0,817.0,small,"[266.0, 348.0, 19.0, 43.0]",0.5410977602005005,0.4027477952170801,0,0.5410977602005005,0.4027477952170801
447,Japan_007226.jpg,928,0,16335.0,large,"[297.0, 72.0, 99.0, 165.0]",0.5386366844177246,0.33972812993960827,0,0.5386366844177246,0.33972812993960827
524,Japan_008516.jpg,1099,1,660.0,small,"[163.0, 417.0, 60.0, 11.0]",0.5369423627853394,0.46821902143679456,1,0.5369423627853394,0.46821902143679456
469,Japan_007486.jpg,980,3,1386.0,medium,"[365.0, 459.0, 63.0, 22.0]",0.5340604782104492,0.44618004366134856,3,0.5340604782104492,0.44618004366134856
133,Japan_002411.jpg,277,1,1005.0,small,"[338.0, 394.0, 67.0, 15.0]",0.5330172777175903,0.32731800197902683,1,0.5330172777175903,0.32731800197902683
112,Japan_002035.jpg,228,1,4477.0,medium,"[20.0, 512.0, 121.0, 37.0]",0.526220440864563,0.4988034780302802,2,0.17624250054359436,0.6296986724720884
368,Japan_005982.jpg,744,3,364.0,small,"[139.0, 135.0, 28.0, 13.0]",0.5246918201446533,0.4678633513945166,3,0.5246918201446533,0.4678633513945166
529,Japan_008703.jpg,1115,1,3300.0,medium,"[38.0, 411.0, 165.0, 20.0]",0.522483229637146,0.3594478394901988,1,0.522483229637146,0.3594478394901988
104,Japan_001909.jpg,208,3,255.0,small,"[364.0, 390.0, 17.0, 15.0]",0.4900379478931427,0.47143731951451207,3,0.4900379478931427,0.47143731951451207
436,Japan_007066.jpg,897,0,1804.0,medium,"[194.0, 488.0, 22.0, 82.0]",0.48920172452926636,0.0,2,0.053297366946935654,0.07372861112600561
300,Japan_004792.jpg,603,3,720.0,small,"[73.0, 382.0, 48.0, 15.0]",0.4862760305404663,0.0,2,0.14389151334762573,0.016712649891846277
111,Japan_002032.jpg,226,1,7119.0,medium,"[113.0, 258.0, 339.0, 21.0]",0.46836864948272705,0.4817572988043836,1,0.46836864948272705,0.4817572988043836
688,Japan_011513.jpg,1446,0,250.0,small,"[245.0, 318.0, 10.0, 25.0]",0.4055497348308563,0.0,2,0.022066792473196983,0.041970042728604606
688,Japan_011513.jpg,1447,0,336.0,small,"[236.0, 352.0, 12.0, 28.0]",0.4055497348308563,0.0,1,0.017487850040197372,0.0815574449678247
91,Japan_001690.jpg,183,1,1118.0,medium,"[512.0, 259.0, 86.0, 13.0]",0.40140336751937866,0.49457675862910927,1,0.40140336751937866,0.49457675862910927
494,Japan_007944.jpg,1039,1,315.0,small,"[280.0, 328.0, 45.0, 7.0]",0.39540234208106995,0.3397602626885818,1,0.39540234208106995,0.3397602626885818
428,Japan_006946.jpg,879,3,527.0,small,"[400.0, 199.0, 31.0, 17.0]",0.39216989278793335,0.44689329747867684,3,0.39216989278793335,0.44689329747867684
495,Japan_007951.jpg,1042,2,8910.0,medium,"[243.0, 325.0, 90.0, 99.0]",0.3741445541381836,0.8073536064230785,2,0.3741445541381836,0.8073536064230785
496,Japan_007959.jpg,1046,3,3726.0,medium,"[364.0, 433.0, 69.0, 54.0]",0.3726292848587036,0.8036232971950243,3,0.3726292848587036,0.8036232971950243
91,Japan_001690.jpg,185,1,4216.0,medium,"[301.0, 169.0, 124.0, 34.0]",0.37182971835136414,0.6261758867712414,1,0.37182971835136414,0.6261758867712414
599,Japan_010158.jpg,1263,2,72928.0,large,"[254.0, 388.0, 344.0, 212.0]",0.3715747892856598,0.8520573921797885,2,0.3715747892856598,0.8520573921797885
265,Japan_004260.jpg,522,1,3048.0,medium,"[205.0, 369.0, 127.0, 24.0]",0.37147045135498047,0.6074445587513361,1,0.37147045135498047,0.6074445587513361
332,Japan_005395.jpg,660,3,3720.0,medium,"[478.0, 131.0, 62.0, 60.0]",0.3708406984806061,0.9089720708731398,3,0.3708406984806061,0.9089720708731398
157,Japan_002780.jpg,334,1,1104.0,medium,"[367.0, 445.0, 69.0, 16.0]",0.3700203001499176,0.5488295556399871,1,0.3700203001499176,0.5488295556399871
748,Japan_012332.jpg,1563,1,5781.0,medium,"[76.0, 445.0, 123.0, 47.0]",0.3664126694202423,0.612007205132862,1,0.3664126694202423,0.612007205132862
517,Japan_008404.jpg,1085,3,304.0,small,"[212.0, 384.0, 16.0, 19.0]",0.365695595741272,0.3530327630731316,3,0.365695595741272,0.3530327630731316
701,Japan_011658.jpg,1467,3,3240.0,medium,"[435.0, 459.0, 60.0, 54.0]",0.3656425476074219,0.5515886582831394,3,0.3656425476074219,0.5515886582831394
363,Japan_005803.jpg,737,2,9702.0,large,"[474.0, 448.0, 126.0, 77.0]",0.36497581005096436,0.9080495306144134,2,0.36497581005096436,0.9080495306144134
48,Japan_000788.jpg,93,2,27008.0,large,"[149.0, 383.0, 128.0, 211.0]",0.3645355701446533,0.8972806875287855,2,0.3645355701446533,0.8972806875287855
744,Japan_012271.jpg,1556,0,3596.0,medium,"[269.0, 437.0, 29.0, 124.0]",0.36451566219329834,0.8291793724613894,0,0.36451566219329834,0.8291793724613894
112,Japan_002035.jpg,229,1,2415.0,medium,"[130.0, 370.0, 105.0, 23.0]",0.36441487073898315,0.6254338843414107,1,0.36441487073898315,0.6254338843414107
15,Japan_000257.jpg,24,2,91364.0,large,"[64.0, 339.0, 364.0, 251.0]",0.3636225759983063,0.8570920992433579,2,0.3636225759983063,0.8570920992433579
411,Japan_006536.jpg,844,0,5805.0,medium,"[472.0, 363.0, 45.0, 129.0]",0.36232197284698486,0.8656286013728912,0,0.36232197284698486,0.8656286013728912
237,Japan_003893.jpg,465,2,23049.0,large,"[69.0, 483.0, 197.0, 117.0]",0.36151620745658875,0.7027642203035739,2,0.36151620745658875,0.7027642203035739
209,Japan_003596.jpg,414,3,4320.0,medium,"[428.0, 405.0, 80.0, 54.0]",0.36106282472610474,0.7303194603787216,3,0.36106282472610474,0.7303194603787216
304,Japan_004864.jpg,610,3,1558.0,medium,"[536.0, 517.0, 41.0, 38.0]",0.35971254110336304,0.6347718108540913,3,0.35971254110336304,0.6347718108540913
136,Japan_002440.jpg,284,0,5757.0,medium,"[230.0, 305.0, 57.0, 101.0]",0.35950884222984314,0.675595680934661,0,0.35950884222984314,0.675595680934661
402,Japan_006400.jpg,823,0,594.0,small,"[116.0, 391.0, 18.0, 33.0]",0.3594522178173065,0.6271985362189533,0,0.3594522178173065,0.6271985362189533
110,Japan_002006.jpg,224,2,44286.0,large,"[410.0, 193.0, 183.0, 242.0]",0.3593580424785614,0.801236698280194,0,0.08834215253591537,0.8218019641080556
170,Japan_002929.jpg,359,1,1500.0,medium,"[1.0, 585.0, 100.0, 15.0]",0.3582412898540497,0.8308480313766595,1,0.3582412898540497,0.8308480313766595
724,Japan_011919.jpg,1509,1,2480.0,medium,"[152.0, 309.0, 124.0, 20.0]",0.35764840245246887,0.7584897312942441,1,0.35764840245246887,0.7584897312942441
47,Japan_000773.jpg,91,2,95410.0,large,"[229.0, 297.0, 329.0, 290.0]",0.35702258348464966,0.7189955150163228,2,0.35702258348464966,0.7189955150163228
205,Japan_003574.jpg,405,1,5610.0,medium,"[347.0, 412.0, 165.0, 34.0]",0.35656434297561646,0.8673097308353254,1,0.35656434297561646,0.8673097308353254
62,Japan_001157.jpg,120,1,6660.0,medium,"[289.0, 490.0, 185.0, 36.0]",0.35472679138183594,0.5864059576591304,1,0.35472679138183594,0.5864059576591304
584,Japan_009862.jpg,1239,3,2709.0,medium,"[537.0, 481.0, 63.0, 43.0]",0.3546939194202423,0.7004435077985166,3,0.3546939194202423,0.7004435077985166
302,Japan_004836.jpg,606,2,12328.0,large,"[1.0, 415.0, 134.0, 92.0]",0.3515816032886505,0.7656306455340612,2,0.3515816032886505,0.7656306455340612
452,Japan_007271.jpg,944,0,13390.0,large,"[318.0, 73.0, 103.0, 130.0]",0.3514893352985382,0.8210611427009463,0,0.3514893352985382,0.8210611427009463
78,Japan_001506.jpg,157,1,3857.0,medium,"[201.0, 316.0, 133.0, 29.0]",0.3507598042488098,0.0,2,0.08967742323875427,0.33939988664683096
505,Japan_008139.jpg,1061,1,2575.0,medium,"[239.0, 537.0, 103.0, 25.0]",0.3497580289840698,0.5421036187125189,1,0.3497580289840698,0.5421036187125189
149,Japan_002685.jpg,309,0,3726.0,medium,"[220.0, 365.0, 27.0, 138.0]",0.3493230640888214,0.5902742579141406,0,0.3493230640888214,0.5902742579141406
222,Japan_003778.jpg,436,1,2024.0,medium,"[298.0, 506.0, 92.0, 22.0]",0.3485080897808075,0.7566218456210225,1,0.3485080897808075,0.7566218456210225
551,Japan_009203.jpg,1169,2,24327.0,large,"[1.0, 441.0, 159.0, 153.0]",0.3483639061450958,0.8160665593178359,2,0.3483639061450958,0.8160665593178359
782,Japan_013038.jpg,1628,1,6000.0,medium,"[450.0, 500.0, 150.0, 40.0]",0.3481110632419586,0.7789803392607945,1,0.3481110632419586,0.7789803392607945
488,Japan_007809.jpg,1021,1,7037.0,medium,"[265.0, 565.0, 227.0, 31.0]",0.34639421105384827,0.6802128868262594,1,0.34639421105384827,0.6802128868262594
783,Japan_013046.jpg,1629,2,5520.0,medium,"[98.0, 421.0, 92.0, 60.0]",0.34482380747795105,0.6523926430070938,2,0.34482380747795105,0.6523926430070938
253,Japan_004140.jpg,501,0,640.0,small,"[439.0, 560.0, 16.0, 40.0]",0.34466537833213806,0.39763757478469797,0,0.34466537833213806,0.39763757478469797
333,Japan_005427.jpg,671,0,34040.0,large,"[406.0, 380.0, 184.0, 185.0]",0.34214353561401367,0.803862209544634,0,0.34214353561401367,0.803862209544634
328,Japan_005355.jpg,652,1,3770.0,medium,"[354.0, 397.0, 145.0, 26.0]",0.3416726291179657,0.6673505785191436,1,0.3416726291179657,0.6673505785191436
149,Japan_002685.jpg,311,1,7486.0,medium,"[211.0, 525.0, 197.0, 38.0]",0.34122025966644287,0.7038083063828975,1,0.34122025966644287,0.7038083063828975
46,Japan_000743.jpg,89,2,18189.0,large,"[3.0, 471.0, 141.0, 129.0]",0.3399355709552765,0.9406703096563006,2,0.3399355709552765,0.9406703096563006
276,Japan_004418.jpg,556,1,1863.0,medium,"[282.0, 404.0, 81.0, 23.0]",0.3393031060695648,0.6944085626517978,1,0.3393031060695648,0.6944085626517978
18,Japan_000296.jpg,28,0,38940.0,large,"[314.0, 234.0, 177.0, 220.0]",0.3387320339679718,0.6080144235233478,2,0.0920063853263855,0.6119721159605096
240,Japan_003926.jpg,478,2,33450.0,large,"[377.0, 155.0, 223.0, 150.0]",0.3372499942779541,0.6438730558721385,2,0.3372499942779541,0.6438730558721385
86,Japan_001625.jpg,170,0,1496.0,medium,"[237.0, 520.0, 34.0, 44.0]",0.3357517421245575,0.6198176041443597,0,0.3357517421245575,0.6198176041443597
269,Japan_004304.jpg,528,2,12960.0,large,"[132.0, 368.0, 144.0, 90.0]",0.33511894941329956,0.5581209736371249,2,0.33511894941329956,0.5581209736371249
417,Japan_006738.jpg,852,0,10961.0,large,"[284.0, 480.0, 113.0, 97.0]",0.33488988876342773,0.7533310148587361,0,0.33488988876342773,0.7533310148587361
570,Japan_009506.jpg,1206,3,1078.0,medium,"[510.0, 351.0, 49.0, 22.0]",0.3342621326446533,0.6382402077963216,3,0.3342621326446533,0.6382402077963216
262,Japan_004217.jpg,516,3,630.0,small,"[236.0, 398.0, 35.0, 18.0]",0.33419832587242126,0.6857039772353981,3,0.33419832587242126,0.6857039772353981
86,Japan_001625.jpg,171,0,4628.0,medium,"[341.0, 510.0, 52.0, 89.0]",0.3338768184185028,0.7168019832775693,0,0.3338768184185028,0.7168019832775693
549,Japan_009139.jpg,1164,2,18616.0,large,"[421.0, 457.0, 179.0, 104.0]",0.33217597007751465,0.9257671964610482,2,0.33217597007751465,0.9257671964610482
74,Japan_001396.jpg,147,1,564.0,small,"[58.0, 485.0, 47.0, 12.0]",0.3319860100746155,0.2996944416158706,1,0.3319860100746155,0.2996944416158706
495,Japan_007951.jpg,1044,0,3300.0,medium,"[266.0, 464.0, 44.0, 75.0]",0.3307168483734131,0.8122213215883257,0,0.3307168483734131,0.8122213215883257
298,Japan_004774.jpg,597,2,17760.0,large,"[293.0, 427.0, 111.0, 160.0]",0.3292749524116516,0.6951571701401787,2,0.3292749524116516,0.6951571701401787
739,Japan_012165.jpg,1542,2,12183.0,large,"[221.0, 248.0, 131.0, 93.0]",0.3278616964817047,0.4192126658390515,2,0.3278616964817047,0.4192126658390515
602,Japan_010298.jpg,1269,2,19293.0,large,"[87.0, 419.0, 109.0, 177.0]",0.32778415083885193,0.7281798837603815,2,0.32778415083885193,0.7281798837603815
107,Japan_001971.jpg,219,0,20088.0,large,"[88.0, 266.0, 93.0, 216.0]",0.3267548978328705,0.7789010645963739,0,0.3267548978328705,0.7789010645963739
74,Japan_001396.jpg,146,1,1323.0,medium,"[20.0, 517.0, 63.0, 21.0]",0.3248337507247925,0.6866965610693563,1,0.3248337507247925,0.6866965610693563
666,Japan_011164.jpg,1404,3,1792.0,medium,"[197.0, 568.0, 56.0, 32.0]",0.32481351494789124,0.8370331927844,3,0.32481351494789124,0.8370331927844
285,Japan_004585.jpg,573,1,2871.0,medium,"[99.0, 314.0, 99.0, 29.0]",0.32400110363960266,0.7602191306765591,1,0.32400110363960266,0.7602191306765591
226,Japan_003814.jpg,448,0,1764.0,medium,"[415.0, 423.0, 63.0, 28.0]",0.32263362407684326,0.7384990449304847,1,0.38992545008659363,0.7384990449304847
237,Japan_003893.jpg,468,1,2628.0,medium,"[430.0, 562.0, 73.0, 36.0]",0.32228007912635803,0.7016521008243171,1,0.32228007912635803,0.7016521008243171
676,Japan_011328.jpg,1423,3,16289.0,large,"[372.0, 480.0, 179.0, 91.0]",0.32071998715400696,0.8258722665805673,3,0.32071998715400696,0.8258722665805673
134,Japan_002419.jpg,278,2,180898.0,large,"[1.0, 298.0, 599.0, 302.0]",0.3200030028820038,0.9884542523410931,2,0.3200030028820038,0.9884542523410931
477,Japan_007618.jpg,999,1,1274.0,medium,"[381.0, 116.0, 91.0, 14.0]",0.31953537464141846,0.590473744047475,1,0.31953537464141846,0.590473744047475
114,Japan_002100.jpg,234,0,2002.0,medium,"[273.0, 523.0, 26.0, 77.0]",0.3193097710609436,0.694101966711189,0,0.3193097710609436,0.694101966711189
714,Japan_011851.jpg,1491,0,2424.0,medium,"[337.0, 499.0, 24.0, 101.0]",0.3190574645996094,0.753106825166369,0,0.3190574645996094,0.753106825166369
711,Japan_011790.jpg,1485,2,20002.0,large,"[151.0, 447.0, 146.0, 137.0]",0.3189396560192108,0.6311301885445516,2,0.3189396560192108,0.6311301885445516
681,Japan_011435.jpg,1432,3,1443.0,medium,"[149.0, 517.0, 39.0, 37.0]",0.3175855576992035,0.7652508393924995,3,0.3175855576992035,0.7652508393924995
457,Japan_007337.jpg,961,1,4350.0,medium,"[455.0, 555.0, 145.0, 30.0]",0.3168852925300598,0.6578372773293985,1,0.3168852925300598,0.6578372773293985
7,Japan_000075.jpg,14,1,1776.0,medium,"[363.0, 394.0, 111.0, 16.0]",0.31534677743911743,0.6001733776315885,1,0.31534677743911743,0.6001733776315885
660,Japan_011096.jpg,1392,2,20252.0,large,"[408.0, 474.0, 166.0, 122.0]",0.31489047408103943,0.8806907471227509,2,0.31489047408103943,0.8806907471227509
609,Japan_010368.jpg,1285,1,561.0,small,"[336.0, 434.0, 51.0, 11.0]",0.31473711133003235,0.694860095074455,1,0.31473711133003235,0.694860095074455
392,Japan_006230.jpg,803,0,1836.0,medium,"[276.0, 536.0, 36.0, 51.0]",0.3142021596431732,0.8380072100323147,0,0.3142021596431732,0.8380072100323147
786,Japan_013065.jpg,1637,1,1232.0,medium,"[418.0, 401.0, 88.0, 14.0]",0.3140472173690796,0.6444773341145217,1,0.3140472173690796,0.6444773341145217
79,Japan_001514.jpg,160,0,17840.0,large,"[322.0, 377.0, 80.0, 223.0]",0.3139583468437195,0.7492511819938465,0,0.3139583468437195,0.7492511819938465
413,Japan_006592.jpg,847,0,1950.0,medium,"[207.0, 463.0, 26.0, 75.0]",0.31238844990730286,0.7616651245354966,0,0.31238844990730286,0.7616651245354966
441,Japan_007127.jpg,912,1,3302.0,medium,"[409.0, 289.0, 127.0, 26.0]",0.31077712774276733,0.7068590301513139,1,0.31077712774276733,0.7068590301513139
73,Japan_001385.jpg,143,0,5243.0,medium,"[1.0, 551.0, 107.0, 49.0]",0.3102421164512634,0.8329748345172983,1,0.5906554460525513,0.8329748345172983
248,Japan_004081.jpg,494,1,2268.0,medium,"[386.0, 413.0, 126.0, 18.0]",0.309719055891037,0.6519056067266319,1,0.309719055891037,0.6519056067266319
117,Japan_002153.jpg,239,3,3090.0,medium,"[447.0, 570.0, 103.0, 30.0]",0.30645814538002014,0.6247508339935006,3,0.30645814538002014,0.6247508339935006
235,Japan_003864.jpg,458,1,7196.0,medium,"[203.0, 451.0, 257.0, 28.0]",0.3059091866016388,0.6227748941236481,1,0.3059091866016388,0.6227748941236481
707,Japan_011728.jpg,1479,1,3427.0,medium,"[159.0, 307.0, 149.0, 23.0]",0.30473625659942627,0.6988608140803819,1,0.30473625659942627,0.6988608140803819
609,Japan_010368.jpg,1287,1,1155.0,medium,"[295.0, 385.0, 77.0, 15.0]",0.3043215870857239,0.881356989731756,1,0.3043215870857239,0.881356989731756
581,Japan_009785.jpg,1235,1,3717.0,medium,"[160.0, 321.0, 177.0, 21.0]",0.30070623755455017,0.5385033373911068,1,0.30070623755455017,0.5385033373911068
436,Japan_007066.jpg,896,1,9324.0,large,"[10.0, 551.0, 259.0, 36.0]",0.3003353476524353,0.8569991993756262,1,0.3003353476524353,0.8569991993756262
144,Japan_002623.jpg,298,3,43955.0,large,"[457.0, 410.0, 149.0, 295.0]",0.2999008297920227,0.7148824720424043,3,0.2999008297920227,0.7148824720424043
35,Japan_000630.jpg,61,0,2675.0,medium,"[229.0, 492.0, 25.0, 107.0]",0.29929471015930176,0.7756928015585915,0,0.29929471015930176,0.7756928015585915
629,Japan_010717.jpg,1335,0,3150.0,medium,"[212.0, 298.0, 50.0, 63.0]",0.2964200973510742,0.7369920845654917,0,0.2964200973510742,0.7369920845654917
29,Japan_000460.jpg,51,1,768.0,small,"[3.0, 372.0, 64.0, 12.0]",0.29535791277885437,0.6858640674678558,1,0.29535791277885437,0.6858640674678558
323,Japan_005290.jpg,644,1,3915.0,medium,"[248.0, 450.0, 135.0, 29.0]",0.29498350620269775,0.7041876617097166,1,0.29498350620269775,0.7041876617097166
275,Japan_004396.jpg,549,1,5882.0,medium,"[338.0, 452.0, 173.0, 34.0]",0.29447683691978455,0.5557893780364787,1,0.29447683691978455,0.5557893780364787
678,Japan_011391.jpg,1429,0,5394.0,medium,"[314.0, 401.0, 62.0, 87.0]",0.29390349984169006,0.8589488659100551,0,0.29390349984169006,0.8589488659100551
774,Japan_012807.jpg,1609,2,21840.0,large,"[64.0, 509.0, 240.0, 91.0]",0.29357388615608215,0.7310801721652969,2,0.29357388615608215,0.7310801721652969
638,Japan_010837.jpg,1357,1,1680.0,medium,"[15.0, 345.0, 80.0, 21.0]",0.291562557220459,0.625657687688427,1,0.291562557220459,0.625657687688427
111,Japan_002032.jpg,227,2,10788.0,large,"[407.0, 182.0, 93.0, 116.0]",0.29101234674453735,0.7165902379837887,2,0.29101234674453735,0.7165902379837887
397,Japan_006325.jpg,813,1,2420.0,medium,"[140.0, 336.0, 110.0, 22.0]",0.2908763587474823,0.6540627449751747,1,0.2908763587474823,0.6540627449751747
568,Japan_009492.jpg,1204,2,9072.0,medium,"[468.0, 27.0, 72.0, 126.0]",0.29078271985054016,0.7781777222725285,2,0.29078271985054016,0.7781777222725285
125,Japan_002284.jpg,253,1,1081.0,medium,"[327.0, 365.0, 47.0, 23.0]",0.29043319821357727,0.42388883584040893,1,0.29043319821357727,0.42388883584040893
312,Japan_005069.jpg,622,1,1296.0,medium,"[485.0, 487.0, 72.0, 18.0]",0.2903844714164734,0.6634627355513026,1,0.2903844714164734,0.6634627355513026
338,Japan_005463.jpg,680,0,475.0,small,"[383.0, 405.0, 25.0, 19.0]",0.2891848087310791,0.514737028279811,0,0.2891848087310791,0.514737028279811
404,Japan_006423.jpg,828,0,792.0,small,"[282.0, 450.0, 18.0, 44.0]",0.28790345788002014,0.6836005372429734,0,0.28790345788002014,0.6836005372429734
208,Japan_003582.jpg,412,0,714.0,small,"[227.0, 393.0, 17.0, 42.0]",0.28751140832901,0.7472225088529469,0,0.28751140832901,0.7472225088529469
536,Japan_008900.jpg,1143,3,2349.0,medium,"[137.0, 428.0, 87.0, 27.0]",0.2868918776512146,0.7113659437376777,3,0.2868918776512146,0.7113659437376777
527,Japan_008559.jpg,1109,2,10653.0,large,"[1.0, 329.0, 201.0, 53.0]",0.28513598442077637,0.6178827283957623,2,0.28513598442077637,0.6178827283957623
392,Japan_006230.jpg,802,0,480.0,small,"[59.0, 570.0, 16.0, 30.0]",0.28384265303611755,0.5196750589221537,0,0.28384265303611755,0.5196750589221537
398,Japan_006326.jpg,816,1,1780.0,medium,"[141.0, 522.0, 89.0, 20.0]",0.2832498252391815,0.7217376377427481,1,0.2832498252391815,0.7217376377427481
157,Japan_002780.jpg,335,1,2398.0,medium,"[264.0, 386.0, 109.0, 22.0]",0.2831733822822571,0.763077107294994,1,0.2831733822822571,0.763077107294994
396,Japan_006300.jpg,810,3,330.0,small,"[233.0, 322.0, 22.0, 15.0]",0.28211405873298645,0.7252679821803939,3,0.28211405873298645,0.7252679821803939
59,Japan_001086.jpg,112,0,29516.0,large,"[328.0, 441.0, 188.0, 157.0]",0.2820400893688202,0.9133813058808136,0,0.2820400893688202,0.9133813058808136
190,Japan_003286.jpg,387,1,30636.0,large,"[56.0, 355.0, 444.0, 69.0]",0.2810918092727661,0.6222413921664618,1,0.2810918092727661,0.6222413921664618
1,Japan_000000.jpg,2,3,18711.0,large,"[409.0, 373.0, 189.0, 99.0]",0.2807893455028534,0.715967761385644,3,0.2807893455028534,0.715967761385644
472,Japan_007518.jpg,984,1,6776.0,medium,"[433.0, 336.0, 154.0, 44.0]",0.27984902262687683,0.764208276733378,1,0.27984902262687683,0.764208276733378
193,Japan_003324.jpg,391,0,20433.0,large,"[443.0, 343.0, 147.0, 139.0]",0.2796954810619354,0.7583287531542816,0,0.2796954810619354,0.7583287531542816
391,Japan_006218.jpg,795,1,2260.0,medium,"[279.0, 492.0, 113.0, 20.0]",0.2790977358818054,0.6382865495816963,1,0.2790977358818054,0.6382865495816963
451,Japan_007267.jpg,941,2,45310.0,large,"[370.0, 403.0, 230.0, 197.0]",0.2782449722290039,0.9146552397233237,2,0.2782449722290039,0.9146552397233237
270,Japan_004335.jpg,533,2,22000.0,large,"[316.0, 520.0, 275.0, 80.0]",0.2767599821090698,0.8029305546852032,2,0.2767599821090698,0.8029305546852032
628,Japan_010686.jpg,1326,1,4023.0,medium,"[391.0, 448.0, 149.0, 27.0]",0.276569128036499,0.6484494616966271,1,0.276569128036499,0.6484494616966271
512,Japan_008351.jpg,1075,2,21315.0,large,"[369.0, 495.0, 203.0, 105.0]",0.27542322874069214,0.8636074956760875,2,0.27542322874069214,0.8636074956760875
447,Japan_007226.jpg,931,1,3724.0,medium,"[86.0, 181.0, 133.0, 28.0]",0.27536481618881226,0.6566574865937514,1,0.27536481618881226,0.6566574865937514
472,Japan_007518.jpg,988,1,10336.0,large,"[296.0, 488.0, 304.0, 34.0]",0.2747249901294708,0.7035518360536469,1,0.2747249901294708,0.7035518360536469
585,Japan_009897.jpg,1242,2,39864.0,large,"[336.0, 175.0, 264.0, 151.0]",0.27380144596099854,0.9309938787873342,2,0.27380144596099854,0.9309938787873342
651,Japan_011010.jpg,1378,0,1488.0,medium,"[362.0, 411.0, 31.0, 48.0]",0.27251380681991577,0.7268686232204619,0,0.27251380681991577,0.7268686232204619
289,Japan_004661.jpg,584,2,19920.0,large,"[103.0, 398.0, 249.0, 80.0]",0.2710919976234436,0.6114802011820714,2,0.2710919976234436,0.6114802011820714
333,Japan_005427.jpg,668,1,663.0,small,"[167.0, 352.0, 51.0, 13.0]",0.2710781395435333,0.7561531418503414,1,0.2710781395435333,0.7561531418503414
444,Japan_007198.jpg,922,1,705.0,small,"[463.0, 482.0, 47.0, 15.0]",0.27038195729255676,0.483619958543493,1,0.27038195729255676,0.483619958543493
167,Japan_002912.jpg,356,1,10438.0,large,"[287.0, 341.0, 307.0, 34.0]",0.26990699768066406,0.7590694537159158,1,0.26990699768066406,0.7590694537159158
726,Japan_011973.jpg,1517,2,1269.0,medium,"[163.0, 382.0, 27.0, 47.0]",0.26938173174858093,0.7845713247751692,2,0.26938173174858093,0.7845713247751692
447,Japan_007226.jpg,933,1,6077.0,medium,"[161.0, 412.0, 103.0, 59.0]",0.269236296415329,0.7279586695149708,1,0.269236296415329,0.7279586695149708
433,Japan_007050.jpg,887,0,1530.0,medium,"[260.0, 441.0, 34.0, 45.0]",0.2692188620567322,0.708025717011653,0,0.2692188620567322,0.708025717011653
699,Japan_011637.jpg,1465,0,2135.0,medium,"[172.0, 538.0, 35.0, 61.0]",0.2691552937030792,0.6685282748254954,0,0.2691552937030792,0.6685282748254954
589,Japan_010025.jpg,1249,0,6072.0,medium,"[245.0, 413.0, 46.0, 132.0]",0.26757368445396423,0.7412651009692579,0,0.26757368445396423,0.7412651009692579
452,Japan_007271.jpg,943,2,3358.0,medium,"[179.0, 59.0, 73.0, 46.0]",0.2675071656703949,0.6665334581974706,2,0.2675071656703949,0.6665334581974706
458,Japan_007341.jpg,962,1,1140.0,medium,"[298.0, 576.0, 57.0, 20.0]",0.267423540353775,0.5663791880895208,0,0.30330225825309753,0.5663791880895208
607,Japan_010341.jpg,1278,1,5376.0,medium,"[25.0, 389.0, 224.0, 24.0]",0.2668761909008026,0.7113123841057,1,0.2668761909008026,0.7113123841057
452,Japan_007271.jpg,949,0,9384.0,large,"[163.0, 330.0, 68.0, 138.0]",0.26683637499809265,0.8629975199213998,0,0.26683637499809265,0.8629975199213998
127,Japan_002329.jpg,265,1,1995.0,medium,"[312.0, 516.0, 105.0, 19.0]",0.26634079217910767,0.6609787811954903,1,0.26634079217910767,0.6609787811954903
530,Japan_008718.jpg,1127,1,1104.0,medium,"[161.0, 281.0, 69.0, 16.0]",0.266093909740448,0.6902757267888927,1,0.266093909740448,0.6902757267888927
117,Japan_002153.jpg,240,3,1767.0,medium,"[353.0, 506.0, 57.0, 31.0]",0.26596078276634216,0.5547290340341806,3,0.26596078276634216,0.5547290340341806
707,Japan_011728.jpg,1476,3,3696.0,medium,"[182.0, 495.0, 56.0, 66.0]",0.26581889390945435,0.6904308142463527,3,0.26581889390945435,0.6904308142463527
607,Japan_010341.jpg,1279,0,2212.0,medium,"[250.0, 516.0, 28.0, 79.0]",0.26511964201927185,0.8109462131695617,0,0.26511964201927185,0.8109462131695617
142,Japan_002577.jpg,294,2,40560.0,large,"[372.0, 374.0, 195.0, 208.0]",0.26494407653808594,0.7958624735247358,2,0.26494407653808594,0.7958624735247358
766,Japan_012631.jpg,1594,0,3456.0,medium,"[238.0, 131.0, 48.0, 72.0]",0.26446571946144104,0.6504573429353777,0,0.26446571946144104,0.6504573429353777
666,Japan_011164.jpg,1410,3,1050.0,medium,"[506.0, 481.0, 42.0, 25.0]",0.2632632553577423,0.7556167024875634,3,0.2632632553577423,0.7556167024875634
404,Japan_006423.jpg,827,2,50820.0,large,"[369.0, 375.0, 231.0, 220.0]",0.26303160190582275,0.8755889642909315,2,0.26303160190582275,0.8755889642909315
289,Japan_004661.jpg,585,1,1376.0,medium,"[152.0, 377.0, 86.0, 16.0]",0.2609255909919739,0.5161445460893643,1,0.2609255909919739,0.5161445460893643
354,Japan_005685.jpg,721,0,7462.0,medium,"[480.0, 481.0, 91.0, 82.0]",0.2609065771102905,0.7867802028201668,0,0.2609065771102905,0.7867802028201668
647,Japan_010948.jpg,1372,0,286.0,small,"[424.0, 452.0, 11.0, 26.0]",0.26052483916282654,0.4947775128664466,0,0.26052483916282654,0.4947775128664466
573,Japan_009588.jpg,1214,0,12125.0,large,"[481.0, 475.0, 97.0, 125.0]",0.2603704631328583,0.6867734232736863,0,0.2603704631328583,0.6867734232736863
526,Japan_008557.jpg,1105,1,1092.0,medium,"[238.0, 531.0, 91.0, 12.0]",0.26021549105644226,0.568209110395704,1,0.26021549105644226,0.568209110395704
193,Japan_003324.jpg,390,0,19152.0,large,"[428.0, 448.0, 126.0, 152.0]",0.2598705291748047,0.9187713612471219,0,0.2598705291748047,0.9187713612471219
483,Japan_007745.jpg,1015,2,7560.0,medium,"[494.0, 411.0, 105.0, 72.0]",0.25938647985458374,0.679916856170351,2,0.25938647985458374,0.679916856170351
530,Japan_008718.jpg,1125,0,1190.0,medium,"[214.0, 181.0, 35.0, 34.0]",0.25758734345436096,0.7246614305137256,0,0.25758734345436096,0.7246614305137256
276,Japan_004418.jpg,557,0,5254.0,medium,"[526.0, 475.0, 74.0, 71.0]",0.2553970515727997,0.8375497026571426,0,0.2553970515727997,0.8375497026571426
58,Japan_001040.jpg,111,0,14484.0,large,"[403.0, 455.0, 102.0, 142.0]",0.25136733055114746,0.6284040820698957,2,0.2559545040130615,0.6284040820698957
428,Japan_006946.jpg,878,3,589.0,small,"[357.0, 249.0, 31.0, 19.0]",0.24908891320228577,0.6116091490479103,3,0.24908891320228577,0.6116091490479103
647,Japan_010948.jpg,1374,1,3456.0,medium,"[364.0, 419.0, 144.0, 24.0]",0.24907107651233673,0.7288933773748811,1,0.24907107651233673,0.7288933773748811
340,Japan_005471.jpg,684,1,4056.0,medium,"[394.0, 415.0, 169.0, 24.0]",0.24801020324230194,0.7471305432932434,1,0.24801020324230194,0.7471305432932434
212,Japan_003623.jpg,422,1,546.0,small,"[56.0, 356.0, 42.0, 13.0]",0.24733325839042664,0.7191427023290784,1,0.24733325839042664,0.7191427023290784
341,Japan_005510.jpg,688,2,8260.0,medium,"[227.0, 506.0, 140.0, 59.0]",0.24661757051944733,0.769221109551382,2,0.24661757051944733,0.769221109551382
422,Japan_006861.jpg,863,2,56306.0,large,"[1.0, 504.0, 599.0, 94.0]",0.24532276391983032,0.768011279529081,2,0.24532276391983032,0.768011279529081
785,Japan_013062.jpg,1631,3,14308.0,large,"[207.0, 244.0, 146.0, 98.0]",0.24512457847595215,0.6843519200121501,3,0.24512457847595215,0.6843519200121501
20,Japan_000302.jpg,36,3,620.0,small,"[180.0, 451.0, 31.0, 20.0]",0.2449098825454712,0.7769570109202565,3,0.2449098825454712,0.7769570109202565
136,Japan_002440.jpg,285,1,4200.0,medium,"[76.0, 292.0, 140.0, 30.0]",0.24370770156383514,0.6164072950902729,1,0.24370770156383514,0.6164072950902729
331,Japan_005394.jpg,659,2,211108.0,large,"[7.0, 136.0, 593.0, 356.0]",0.24326753616333008,0.905469668429868,2,0.24326753616333008,0.905469668429868
717,Japan_011861.jpg,1494,0,19024.0,large,"[362.0, 436.0, 116.0, 164.0]",0.24326618015766144,0.7915252101726022,0,0.24326618015766144,0.7915252101726022
517,Japan_008404.jpg,1086,3,306.0,small,"[183.0, 409.0, 18.0, 17.0]",0.2431202083826065,0.3752807175269794,3,0.2431202083826065,0.3752807175269794
141,Japan_002557.jpg,293,3,4884.0,medium,"[79.0, 511.0, 66.0, 74.0]",0.24178676307201385,0.7541794745791363,3,0.24178676307201385,0.7541794745791363
534,Japan_008755.jpg,1134,1,4004.0,medium,"[436.0, 377.0, 154.0, 26.0]",0.24171559512615204,0.6519371624618141,2,0.31732848286628723,0.6519371624618141
276,Japan_004418.jpg,552,3,4218.0,medium,"[357.0, 483.0, 111.0, 38.0]",0.241215318441391,0.6944406080134633,3,0.241215318441391,0.6944406080134633
276,Japan_004418.jpg,554,3,2106.0,medium,"[408.0, 353.0, 39.0, 54.0]",0.241215318441391,0.0,2,0.05433834716677666,0.5196056881182636
18,Japan_000296.jpg,29,1,7783.0,medium,"[306.0, 221.0, 181.0, 43.0]",0.24035993218421936,0.7308513754717103,1,0.24035993218421936,0.7308513754717103
619,Japan_010526.jpg,1305,2,122990.0,large,"[15.0, 347.0, 502.0, 245.0]",0.2390831708908081,0.938375578805835,2,0.2390831708908081,0.938375578805835
288,Japan_004620.jpg,578,1,2420.0,medium,"[365.0, 552.0, 121.0, 20.0]",0.23852968215942383,0.6806831528515717,1,0.23852968215942383,0.6806831528515717
606,Japan_010340.jpg,1274,0,496.0,small,"[302.0, 334.0, 16.0, 31.0]",0.2380993366241455,0.7167718481777989,0,0.2380993366241455,0.7167718481777989
112,Japan_002035.jpg,230,0,1200.0,medium,"[164.0, 338.0, 30.0, 40.0]",0.23653802275657654,0.6150913342721317,0,0.23653802275657654,0.6150913342721317
6,Japan_000072.jpg,13,0,3280.0,medium,"[451.0, 524.0, 82.0, 40.0]",0.23519110679626465,0.8325399630394259,0,0.23519110679626465,0.8325399630394259
392,Japan_006230.jpg,799,0,2520.0,medium,"[213.0, 393.0, 45.0, 56.0]",0.2343282401561737,0.7006135743165557,0,0.2343282401561737,0.7006135743165557
354,Japan_005685.jpg,718,0,5840.0,medium,"[367.0, 372.0, 73.0, 80.0]",0.23350727558135986,0.6410668061020595,0,0.23350727558135986,0.6410668061020595
521,Japan_008497.jpg,1091,0,2160.0,medium,"[346.0, 419.0, 40.0, 54.0]",0.2333231121301651,0.7712083165256667,0,0.2333231121301651,0.7712083165256667
97,Japan_001772.jpg,193,2,24696.0,large,"[44.0, 404.0, 126.0, 196.0]",0.23315118253231049,0.8819654568940248,0,0.5015252232551575,0.8819654568940248
631,Japan_010765.jpg,1341,3,500.0,small,"[327.0, 553.0, 25.0, 20.0]",0.23237177729606628,0.5994681497340313,3,0.23237177729606628,0.5994681497340313
353,Japan_005683.jpg,714,3,64308.0,large,"[28.0, 724.0, 233.0, 276.0]",0.23150739073753357,0.8567955893213289,3,0.23150739073753357,0.8567955893213289
623,Japan_010608.jpg,1315,2,26061.0,large,"[266.0, 450.0, 219.0, 119.0]",0.2314227968454361,0.6991382023205389,2,0.2314227968454361,0.6991382023205389
127,Japan_002329.jpg,266,1,1155.0,medium,"[491.0, 504.0, 55.0, 21.0]",0.23141507804393768,0.6852610415160978,1,0.23141507804393768,0.6852610415160978
512,Japan_008351.jpg,1077,1,3648.0,medium,"[255.0, 519.0, 114.0, 32.0]",0.23137147724628448,0.8687608092534138,1,0.23137147724628448,0.8687608092534138
125,Japan_002284.jpg,255,1,930.0,small,"[121.0, 361.0, 62.0, 15.0]",0.23115378618240356,0.6542406836321848,1,0.23115378618240356,0.6542406836321848
719,Japan_011876.jpg,1496,0,5220.0,medium,"[348.0, 387.0, 45.0, 116.0]",0.23035667836666107,0.7430287196735182,0,0.23035667836666107,0.7430287196735182
275,Japan_004396.jpg,551,1,11520.0,large,"[210.0, 528.0, 160.0, 72.0]",0.23024706542491913,0.8068605369615497,1,0.23024706542491913,0.8068605369615497
622,Japan_010589.jpg,1314,0,9996.0,large,"[477.0, 503.0, 119.0, 84.0]",0.22983485460281372,0.914151977898266,0,0.22983485460281372,0.914151977898266
336,Japan_005439.jpg,674,0,1620.0,medium,"[499.0, 445.0, 54.0, 30.0]",0.22883477807044983,0.6025068412121125,0,0.22883477807044983,0.6025068412121125
218,Japan_003718.jpg,430,0,15640.0,large,"[378.0, 415.0, 136.0, 115.0]",0.2287404090166092,0.6451213434763298,0,0.2287404090166092,0.6451213434763298
436,Japan_007066.jpg,892,2,6675.0,medium,"[311.0, 344.0, 75.0, 89.0]",0.2268085777759552,0.7999838456042078,2,0.2268085777759552,0.7999838456042078
105,Japan_001919.jpg,214,3,476.0,small,"[316.0, 543.0, 28.0, 17.0]",0.22662509977817535,0.42604055768938853,3,0.22662509977817535,0.42604055768938853
346,Japan_005572.jpg,696,1,1444.0,medium,"[308.0, 452.0, 76.0, 19.0]",0.22639967501163483,0.7998517096210075,1,0.22639967501163483,0.7998517096210075
256,Japan_004176.jpg,504,0,5548.0,medium,"[435.0, 404.0, 76.0, 73.0]",0.2259875237941742,0.7970959830298274,0,0.2259875237941742,0.7970959830298274
157,Japan_002780.jpg,336,0,525.0,small,"[346.0, 410.0, 21.0, 25.0]",0.22368070483207703,0.5684032909977936,0,0.22368070483207703,0.5684032909977936
156,Japan_002774.jpg,329,1,5460.0,medium,"[316.0, 188.0, 156.0, 35.0]",0.22345514595508575,0.7006590352757005,1,0.22345514595508575,0.7006590352757005
436,Japan_007066.jpg,894,0,2394.0,medium,"[399.0, 368.0, 63.0, 38.0]",0.2228890061378479,0.7365370008199211,1,0.3006901741027832,0.7365370008199211
441,Japan_007127.jpg,910,2,8004.0,medium,"[154.0, 75.0, 87.0, 92.0]",0.22124958038330078,0.694881267087094,2,0.22124958038330078,0.694881267087094
74,Japan_001396.jpg,145,0,7316.0,medium,"[112.0, 476.0, 59.0, 124.0]",0.22119760513305664,0.8013827165751363,0,0.22119760513305664,0.8013827165751363
611,Japan_010399.jpg,1291,0,23064.0,large,"[262.0, 412.0, 124.0, 186.0]",0.2193184494972229,0.8395403820843865,0,0.2193184494972229,0.8395403820843865
272,Japan_004341.jpg,536,2,11583.0,large,"[349.0, 461.0, 99.0, 117.0]",0.2189273089170456,0.6639180661929283,2,0.2189273089170456,0.6639180661929283
729,Japan_012003.jpg,1523,0,1809.0,medium,"[155.0, 91.0, 27.0, 67.0]",0.21839341521263123,0.7159918713880313,0,0.21839341521263123,0.7159918713880313
629,Japan_010717.jpg,1337,1,7144.0,medium,"[40.0, 346.0, 188.0, 38.0]",0.2178545445203781,0.5445652165590472,1,0.2178545445203781,0.5445652165590472
369,Japan_006022.jpg,751,2,5655.0,medium,"[252.0, 336.0, 145.0, 39.0]",0.21771365404129028,0.6816147739449908,2,0.21771365404129028,0.6816147739449908
359,Japan_005762.jpg,728,1,3075.0,medium,"[254.0, 575.0, 123.0, 25.0]",0.2171557992696762,0.5949888527889423,1,0.2171557992696762,0.5949888527889423
394,Japan_006246.jpg,805,2,67160.0,large,"[177.0, 416.0, 365.0, 184.0]",0.21714504063129425,0.8397731910345608,2,0.21714504063129425,0.8397731910345608
622,Japan_010589.jpg,1311,2,17343.0,large,"[349.0, 461.0, 141.0, 123.0]",0.21467900276184082,0.7112243383010408,2,0.21467900276184082,0.7112243383010408
172,Japan_002964.jpg,364,0,34780.0,large,"[452.0, 166.0, 148.0, 235.0]",0.21245187520980835,0.879825201346707,2,0.6225126385688782,0.879825201346707
104,Japan_001909.jpg,209,3,405.0,small,"[409.0, 377.0, 27.0, 15.0]",0.21156372129917145,0.5897627123039451,3,0.21156372129917145,0.5897627123039451
388,Japan_006182.jpg,786,1,3500.0,medium,"[419.0, 439.0, 140.0, 25.0]",0.2110510617494583,0.7411236958872074,1,0.2110510617494583,0.7411236958872074
196,Japan_003384.jpg,394,1,1344.0,medium,"[298.0, 454.0, 64.0, 21.0]",0.2097809612751007,0.7287219051779907,1,0.2097809612751007,0.7287219051779907
398,Japan_006326.jpg,815,2,9945.0,large,"[86.0, 483.0, 85.0, 117.0]",0.20735622942447662,0.7106188506426595,2,0.20735622942447662,0.7106188506426595
643,Japan_010887.jpg,1364,2,12384.0,large,"[131.0, 557.0, 288.0, 43.0]",0.20495516061782837,0.7936557254149353,2,0.20495516061782837,0.7936557254149353
37,Japan_000649.jpg,68,0,4452.0,medium,"[484.0, 414.0, 84.0, 53.0]",0.20421893894672394,0.564100766449902,0,0.20421893894672394,0.564100766449902
161,Japan_002856.jpg,346,0,13728.0,large,"[487.0, 337.0, 78.0, 176.0]",0.20413532853126526,0.7492173714916677,0,0.20413532853126526,0.7492173714916677
390,Japan_006204.jpg,793,1,1428.0,medium,"[124.0, 223.0, 68.0, 21.0]",0.20253698527812958,0.6612367861397784,1,0.20253698527812958,0.6612367861397784
144,Japan_002623.jpg,299,3,72850.0,large,"[457.0, 714.0, 235.0, 310.0]",0.19982340931892395,0.9030742562169549,3,0.19982340931892395,0.9030742562169549
285,Japan_004585.jpg,572,1,3100.0,medium,"[261.0, 348.0, 100.0, 31.0]",0.1984253227710724,0.7069286098261723,1,0.1984253227710724,0.7069286098261723
450,Japan_007247.jpg,940,2,2730.0,medium,"[402.0, 382.0, 105.0, 26.0]",0.19764015078544617,0.7744250741333305,2,0.19764015078544617,0.7744250741333305
19,Japan_000297.jpg,31,1,4347.0,medium,"[58.0, 399.0, 161.0, 27.0]",0.19585855305194855,0.7996789038563632,1,0.19585855305194855,0.7996789038563632
636,Japan_010807.jpg,1348,2,17466.0,large,"[360.0, 467.0, 142.0, 123.0]",0.1958446353673935,0.6985257107887142,2,0.1958446353673935,0.6985257107887142
149,Japan_002685.jpg,310,1,1648.0,medium,"[80.0, 468.0, 103.0, 16.0]",0.19579602777957916,0.5445349633826354,1,0.19579602777957916,0.5445349633826354
366,Japan_005953.jpg,742,1,1854.0,medium,"[335.0, 359.0, 103.0, 18.0]",0.19458220899105072,0.885826908492898,1,0.19458220899105072,0.885826908492898
135,Japan_002421.jpg,280,2,23023.0,large,"[7.0, 426.0, 299.0, 77.0]",0.19424954056739807,0.9326718784161361,2,0.19424954056739807,0.9326718784161361
105,Japan_001919.jpg,215,3,216.0,small,"[496.0, 504.0, 18.0, 12.0]",0.19327302277088165,0.7666653918436757,3,0.19327302277088165,0.7666653918436757
428,Japan_006946.jpg,882,0,2795.0,medium,"[475.0, 103.0, 65.0, 43.0]",0.19303910434246063,0.8063625382160463,0,0.19303910434246063,0.8063625382160463
650,Japan_010999.jpg,1377,0,475.0,small,"[411.0, 480.0, 19.0, 25.0]",0.1930374950170517,0.771805671327989,0,0.1930374950170517,0.771805671327989
729,Japan_012003.jpg,1521,2,11200.0,large,"[425.0, 282.0, 175.0, 64.0]",0.19131812453269958,0.6935495112239809,1,0.1975862830877304,0.6935495112239809
248,Japan_004081.jpg,495,2,1232.0,medium,"[523.0, 410.0, 77.0, 16.0]",0.19113068282604218,0.11170858301722503,1,0.192330002784729,0.6705744089980908
248,Japan_004081.jpg,496,2,5940.0,medium,"[492.0, 432.0, 108.0, 55.0]",0.19113068282604218,0.7017427921614928,2,0.19113068282604218,0.7017427921614928
100,Japan_001878.jpg,200,2,11590.0,large,"[245.0, 366.0, 122.0, 95.0]",0.18940450251102448,0.8675725804978415,2,0.18940450251102448,0.8675725804978415
55,Japan_000949.jpg,108,2,18079.0,large,"[7.0, 494.0, 179.0, 101.0]",0.18887706100940704,0.970538926475009,2,0.18887706100940704,0.970538926475009
222,Japan_003778.jpg,435,2,10184.0,large,"[165.0, 490.0, 134.0, 76.0]",0.18872901797294617,0.6322861026846144,2,0.18872901797294617,0.6322861026846144
208,Japan_003582.jpg,413,1,2992.0,medium,"[20.0, 517.0, 136.0, 22.0]",0.18698367476463318,0.8732883126417001,1,0.18698367476463318,0.8732883126417001
456,Japan_007310.jpg,957,1,11172.0,large,"[16.0, 305.0, 196.0, 57.0]",0.18679586052894592,0.6551822776306985,1,0.18679586052894592,0.6551822776306985
332,Japan_005395.jpg,664,2,13590.0,large,"[389.0, 123.0, 151.0, 90.0]",0.18597249686717987,0.7618172083304533,2,0.18597249686717987,0.7618172083304533
40,Japan_000671.jpg,73,1,3060.0,medium,"[225.0, 492.0, 153.0, 20.0]",0.18566180765628815,0.7993503151666925,1,0.18566180765628815,0.7993503151666925
276,Japan_004418.jpg,555,2,22140.0,large,"[303.0, 354.0, 164.0, 135.0]",0.18557272851467133,0.8257567437985192,2,0.18557272851467133,0.8257567437985192
504,Japan_008099.jpg,1059,2,3168.0,medium,"[363.0, 531.0, 96.0, 33.0]",0.18499457836151123,0.8125070880006107,2,0.18499457836151123,0.8125070880006107
388,Japan_006182.jpg,785,1,2450.0,medium,"[277.0, 422.0, 98.0, 25.0]",0.18441785871982574,0.5669001520655222,1,0.18441785871982574,0.5669001520655222
726,Japan_011973.jpg,1516,2,66424.0,large,"[237.0, 416.0, 361.0, 184.0]",0.18336208164691925,0.8947430229080368,2,0.18336208164691925,0.8947430229080368
379,Japan_006105.jpg,770,1,1440.0,medium,"[300.0, 386.0, 96.0, 15.0]",0.18290817737579346,0.7147100330593821,1,0.18290817737579346,0.7147100330593821
372,Japan_006042.jpg,756,0,3321.0,medium,"[336.0, 444.0, 41.0, 81.0]",0.18214423954486847,0.650788019830515,0,0.18214423954486847,0.650788019830515
279,Japan_004444.jpg,562,0,5963.0,medium,"[56.0, 353.0, 67.0, 89.0]",0.18073110282421112,0.7260920035922354,0,0.18073110282421112,0.7260920035922354
74,Japan_001396.jpg,149,1,248.0,small,"[98.0, 422.0, 31.0, 8.0]",0.1806199550628662,0.1930686732873573,1,0.1806199550628662,0.1930686732873573
74,Japan_001396.jpg,150,1,140.0,small,"[108.0, 418.0, 35.0, 4.0]",0.1806199550628662,0.20271035407581084,1,0.1806199550628662,0.20271035407581084
579,Japan_009702.jpg,1227,1,2484.0,medium,"[508.0, 482.0, 92.0, 27.0]",0.18047386407852173,0.6450393729167886,1,0.18047386407852173,0.6450393729167886
68,Japan_001288.jpg,134,0,1581.0,medium,"[165.0, 443.0, 31.0, 51.0]",0.18007446825504303,0.9031682040522867,0,0.18007446825504303,0.9031682040522867
654,Japan_011058.jpg,1381,2,45046.0,large,"[193.0, 45.0, 223.0, 202.0]",0.1798110157251358,0.663603637828597,2,0.1798110157251358,0.663603637828597
245,Japan_004062.jpg,488,0,1056.0,medium,"[241.0, 556.0, 24.0, 44.0]",0.17977865040302277,0.6704371859367597,0,0.17977865040302277,0.6704371859367597
116,Japan_002138.jpg,238,2,1976.0,medium,"[387.0, 448.0, 52.0, 38.0]",0.17925871908664703,0.7546486758604711,2,0.17925871908664703,0.7546486758604711
530,Japan_008718.jpg,1128,1,570.0,small,"[570.0, 183.0, 30.0, 19.0]",0.1783997267484665,0.8078822138764816,1,0.1783997267484665,0.8078822138764816
359,Japan_005762.jpg,729,0,5720.0,medium,"[265.0, 402.0, 55.0, 104.0]",0.17783772945404053,0.5915776225640537,0,0.17783772945404053,0.5915776225640537
224,Japan_003798.jpg,441,2,16244.0,large,"[301.0, 302.0, 131.0, 124.0]",0.17760173976421356,0.7651663371890416,2,0.17760173976421356,0.7651663371890416
278,Japan_004437.jpg,560,1,1364.0,medium,"[538.0, 469.0, 62.0, 22.0]",0.17687630653381348,0.7102040754695719,1,0.17687630653381348,0.7102040754695719
55,Japan_000949.jpg,106,3,1128.0,medium,"[278.0, 442.0, 47.0, 24.0]",0.17671777307987213,0.6921326354279159,3,0.17671777307987213,0.6921326354279159
529,Japan_008703.jpg,1116,1,3304.0,medium,"[231.0, 343.0, 118.0, 28.0]",0.174578458070755,0.6666806871361319,1,0.174578458070755,0.6666806871361319
628,Japan_010686.jpg,1328,1,2112.0,medium,"[436.0, 327.0, 88.0, 24.0]",0.17444156110286713,0.8436973694815805,1,0.17444156110286713,0.8436973694815805
493,Japan_007941.jpg,1035,2,7524.0,medium,"[226.0, 512.0, 99.0, 76.0]",0.17383608222007751,0.6975150839151262,2,0.17383608222007751,0.6975150839151262
483,Japan_007745.jpg,1012,2,11016.0,large,"[14.0, 411.0, 108.0, 102.0]",0.17354674637317657,0.6168013456226689,2,0.17354674637317657,0.6168013456226689
607,Japan_010341.jpg,1280,0,1968.0,medium,"[244.0, 337.0, 24.0, 82.0]",0.17077744007110596,0.7853568388283204,0,0.17077744007110596,0.7853568388283204
560,Japan_009335.jpg,1184,1,1805.0,medium,"[505.0, 430.0, 95.0, 19.0]",0.16958026587963104,0.7054101310757127,1,0.16958026587963104,0.7054101310757127
555,Japan_009260.jpg,1175,2,10856.0,large,"[209.0, 361.0, 184.0, 59.0]",0.1680070161819458,0.9504030617850926,2,0.1680070161819458,0.9504030617850926
672,Japan_011240.jpg,1418,0,13520.0,large,"[129.0, 165.0, 130.0, 104.0]",0.16800369322299957,0.7968092850196203,0,0.16800369322299957,0.7968092850196203
299,Japan_004776.jpg,598,2,6713.0,medium,"[462.0, 395.0, 137.0, 49.0]",0.1675276905298233,0.7757925778383021,2,0.1675276905298233,0.7757925778383021
302,Japan_004836.jpg,608,2,8938.0,medium,"[100.0, 327.0, 109.0, 82.0]",0.16733646392822266,0.7838438544182368,2,0.16733646392822266,0.7838438544182368
51,Japan_000810.jpg,100,2,3920.0,medium,"[166.0, 290.0, 112.0, 35.0]",0.1672227531671524,0.7653657472379948,2,0.1672227531671524,0.7653657472379948
69,Japan_001304.jpg,137,0,2805.0,medium,"[438.0, 511.0, 85.0, 33.0]",0.16572518646717072,0.9068209795306493,0,0.16572518646717072,0.9068209795306493
162,Japan_002864.jpg,350,1,7800.0,medium,"[256.0, 383.0, 78.0, 100.0]",0.1655765026807785,0.4183885602308747,0,0.10949371755123138,0.7144442272744967
508,Japan_008242.jpg,1066,2,12460.0,large,"[357.0, 530.0, 178.0, 70.0]",0.16411256790161133,0.7437141124437772,2,0.16411256790161133,0.7437141124437772
160,Japan_002845.jpg,342,0,3885.0,medium,"[274.0, 434.0, 37.0, 105.0]",0.1633773148059845,0.7160871753421527,0,0.1633773148059845,0.7160871753421527
581,Japan_009785.jpg,1233,1,9900.0,large,"[214.0, 388.0, 220.0, 45.0]",0.16248981654644012,0.7971978297391219,1,0.16248981654644012,0.7971978297391219
535,Japan_008767.jpg,1139,1,3456.0,medium,"[451.0, 410.0, 144.0, 24.0]",0.16230912506580353,0.7087035084645064,1,0.16230912506580353,0.7087035084645064
59,Japan_001086.jpg,113,2,29516.0,large,"[328.0, 441.0, 188.0, 157.0]",0.16212497651576996,0.9133813058808136,0,0.2820400893688202,0.9133813058808136
107,Japan_001971.jpg,218,2,7290.0,medium,"[74.0, 134.0, 81.0, 90.0]",0.16142399609088898,0.7507166463113294,0,0.6425180435180664,0.7507166463113294
285,Japan_004585.jpg,569,0,28130.0,large,"[2.0, 205.0, 145.0, 194.0]",0.16129028797149658,0.90975457800816,0,0.16129028797149658,0.90975457800816
388,Japan_006182.jpg,784,3,1170.0,medium,"[125.0, 551.0, 39.0, 30.0]",0.16125351190567017,0.7325564283748115,3,0.16125351190567017,0.7325564283748115
222,Japan_003778.jpg,434,2,7571.0,medium,"[209.0, 341.0, 67.0, 113.0]",0.1606575846672058,0.5965661149025261,2,0.1606575846672058,0.5965661149025261
333,Japan_005427.jpg,670,0,1110.0,medium,"[208.0, 372.0, 30.0, 37.0]",0.1606283187866211,0.6891008334716537,0,0.1606283187866211,0.6891008334716537
104,Japan_001909.jpg,206,3,945.0,small,"[341.0, 565.0, 27.0, 35.0]",0.15943650901317596,0.7032075179177172,3,0.15943650901317596,0.7032075179177172
402,Japan_006400.jpg,824,2,1369.0,medium,"[123.0, 428.0, 37.0, 37.0]",0.15937776863574982,0.7580435702681688,2,0.15937776863574982,0.7580435702681688
638,Japan_010837.jpg,1351,2,17876.0,large,"[435.0, 168.0, 164.0, 109.0]",0.1592675894498825,0.7315872636487233,0,0.17083020508289337,0.7315872636487233
491,Japan_007905.jpg,1032,3,5159.0,medium,"[372.0, 515.0, 67.0, 77.0]",0.1571870744228363,0.0,0,0.05541703477501869,0.261741651028765
20,Japan_000302.jpg,37,3,1242.0,medium,"[290.0, 489.0, 54.0, 23.0]",0.1556994467973709,0.6759192610783429,3,0.1556994467973709,0.6759192610783429
722,Japan_011903.jpg,1505,2,11385.0,large,"[271.0, 394.0, 115.0, 99.0]",0.1552020162343979,0.782824319209132,2,0.1552020162343979,0.782824319209132
442,Japan_007148.jpg,915,0,2116.0,medium,"[330.0, 478.0, 46.0, 46.0]",0.15504825115203857,0.8478402259692471,0,0.15504825115203857,0.8478402259692471
740,Japan_012185.jpg,1547,0,23716.0,large,"[437.0, 442.0, 154.0, 154.0]",0.15448221564292908,0.8209453910889134,0,0.15448221564292908,0.8209453910889134
412,Japan_006552.jpg,845,0,2624.0,medium,"[65.0, 442.0, 64.0, 41.0]",0.15400181710720062,0.6778689325420135,0,0.15400181710720062,0.6778689325420135
212,Japan_003623.jpg,423,2,2030.0,medium,"[216.0, 340.0, 35.0, 58.0]",0.1539219617843628,0.6434605047319356,0,0.38943201303482056,0.6434605047319356
468,Japan_007474.jpg,979,1,17544.0,large,"[76.0, 418.0, 516.0, 34.0]",0.15319125354290009,0.5864204716296878,1,0.15319125354290009,0.5864204716296878
471,Japan_007508.jpg,983,2,57974.0,large,"[313.0, 389.0, 287.0, 202.0]",0.15116384625434875,0.9061718600097775,2,0.15116384625434875,0.9061718600097775
273,Japan_004385.jpg,540,1,1394.0,medium,"[514.0, 548.0, 82.0, 17.0]",0.15086351335048676,0.5359100293330283,1,0.15086351335048676,0.5359100293330283
332,Japan_005395.jpg,662,2,10440.0,large,"[203.0, 53.0, 120.0, 87.0]",0.15057586133480072,0.7307504246194352,2,0.15057586133480072,0.7307504246194352
360,Japan_005777.jpg,731,1,880.0,small,"[246.0, 522.0, 55.0, 16.0]",0.15045100450515747,0.28567167973633395,1,0.15045100450515747,0.28567167973633395
561,Japan_009339.jpg,1187,1,6364.0,medium,"[316.0, 541.0, 172.0, 37.0]",0.14991241693496704,0.8602318074419939,1,0.14991241693496704,0.8602318074419939
742,Japan_012247.jpg,1551,1,1512.0,medium,"[183.0, 281.0, 84.0, 18.0]",0.1490883231163025,0.6319022272901088,1,0.1490883231163025,0.6319022272901088
585,Japan_009897.jpg,1241,0,13590.0,large,"[424.0, 326.0, 90.0, 151.0]",0.14813165366649628,0.6696294052787471,0,0.14813165366649628,0.6696294052787471
706,Japan_011717.jpg,1473,2,32185.0,large,"[439.0, 260.0, 157.0, 205.0]",0.1476770043373108,0.4848416162654034,0,0.06484363228082657,0.652406443255219
51,Japan_000810.jpg,101,2,28644.0,large,"[2.0, 460.0, 231.0, 124.0]",0.14658086001873016,0.7622083227993062,2,0.14658086001873016,0.7622083227993062
739,Japan_012165.jpg,1541,2,20496.0,large,"[196.0, 338.0, 168.0, 122.0]",0.14633409678936005,0.356602243399929,1,0.058856744319200516,0.49843067755215326
561,Japan_009339.jpg,1188,1,3567.0,medium,"[172.0, 491.0, 123.0, 29.0]",0.14613328874111176,0.7496598312786066,1,0.14613328874111176,0.7496598312786066
27,Japan_000419.jpg,44,2,169650.0,large,"[1.0, 275.0, 522.0, 325.0]",0.14581558108329773,0.8788267441697606,2,0.14581558108329773,0.8788267441697606
529,Japan_008703.jpg,1113,2,8466.0,medium,"[137.0, 95.0, 83.0, 102.0]",0.14466021955013275,0.649080318367486,0,0.4983777701854706,0.649080318367486
449,Japan_007233.jpg,935,3,3036.0,medium,"[287.0, 273.0, 66.0, 46.0]",0.14437636733055115,0.7307146647496653,3,0.14437636733055115,0.7307146647496653
640,Japan_010847.jpg,1359,0,1260.0,medium,"[182.0, 421.0, 35.0, 36.0]",0.1443621665239334,0.7168758428829806,0,0.1443621665239334,0.7168758428829806
754,Japan_012393.jpg,1573,2,30788.0,large,"[54.0, 408.0, 172.0, 179.0]",0.14424100518226624,0.7682543029199952,2,0.14424100518226624,0.7682543029199952
206,Japan_003575.jpg,409,1,1786.0,medium,"[245.0, 255.0, 94.0, 19.0]",0.14320367574691772,0.8022939667517412,1,0.14320367574691772,0.8022939667517412
628,Japan_010686.jpg,1327,1,3840.0,medium,"[334.0, 474.0, 128.0, 30.0]",0.14294877648353577,0.8206870627665303,1,0.14294877648353577,0.8206870627665303
697,Japan_011605.jpg,1463,1,2499.0,medium,"[50.0, 415.0, 147.0, 17.0]",0.1423419564962387,0.6795748811678335,1,0.1423419564962387,0.6795748811678335
438,Japan_007092.jpg,900,1,3625.0,medium,"[235.0, 474.0, 125.0, 29.0]",0.1409677118062973,0.3920457961293126,1,0.1409677118062973,0.3920457961293126
330,Japan_005382.jpg,658,0,6248.0,medium,"[329.0, 381.0, 71.0, 88.0]",0.14068786799907684,0.5991136151177882,0,0.14068786799907684,0.5991136151177882
274,Japan_004392.jpg,547,1,2780.0,medium,"[416.0, 564.0, 139.0, 20.0]",0.14004117250442505,0.0,2,0.05514611303806305,0.0955639351583667
48,Japan_000788.jpg,94,2,33652.0,large,"[312.0, 419.0, 188.0, 179.0]",0.13962766528129578,0.8333508236013519,2,0.13962766528129578,0.8333508236013519
309,Japan_004968.jpg,618,1,8250.0,medium,"[242.0, 431.0, 275.0, 30.0]",0.13922014832496643,0.5447592087496669,1,0.13922014832496643,0.5447592087496669
426,Japan_006930.jpg,869,1,3002.0,medium,"[238.0, 361.0, 158.0, 19.0]",0.1374506801366806,0.8863190024239173,1,0.1374506801366806,0.8863190024239173
613,Japan_010415.jpg,1298,0,243.0,small,"[210.0, 345.0, 9.0, 27.0]",0.1372453272342682,0.5501361080984674,0,0.1372453272342682,0.5501361080984674
150,Japan_002700.jpg,312,2,98649.0,large,"[240.0, 307.0, 339.0, 291.0]",0.13666363060474396,0.9034814540796725,2,0.13666363060474396,0.9034814540796725
156,Japan_002774.jpg,326,2,79560.0,large,"[34.0, 126.0, 260.0, 306.0]",0.13661018013954163,0.7399009115938512,2,0.13661018013954163,0.7399009115938512
550,Japan_009159.jpg,1166,2,38720.0,large,"[226.0, 431.0, 352.0, 110.0]",0.1363663673400879,0.9126298168635765,2,0.1363663673400879,0.9126298168635765
735,Japan_012133.jpg,1530,2,8188.0,medium,"[90.0, 494.0, 89.0, 92.0]",0.13616076111793518,0.6551825873075754,2,0.13616076111793518,0.6551825873075754
504,Japan_008099.jpg,1058,2,2695.0,medium,"[365.0, 463.0, 77.0, 35.0]",0.13565364480018616,0.7055563882451609,2,0.13565364480018616,0.7055563882451609
189,Japan_003189.jpg,385,2,59520.0,large,"[281.0, 408.0, 310.0, 192.0]",0.13502587378025055,0.8937658136789682,2,0.13502587378025055,0.8937658136789682
762,Japan_012596.jpg,1587,2,10403.0,large,"[175.0, 411.0, 101.0, 103.0]",0.13492454588413239,0.7743740579457854,2,0.13492454588413239,0.7743740579457854
786,Japan_013065.jpg,1636,0,6384.0,medium,"[338.0, 349.0, 76.0, 84.0]",0.1345711201429367,0.7921176573840883,2,0.13626067340373993,0.7921176573840883
595,Japan_010111.jpg,1256,2,17400.0,large,"[291.0, 450.0, 120.0, 145.0]",0.13441859185695648,0.8789556089101175,0,0.5978195667266846,0.8789556089101175
257,Japan_004195.jpg,507,2,5959.0,medium,"[243.0, 408.0, 101.0, 59.0]",0.13379892706871033,0.66200895514844,2,0.13379892706871033,0.66200895514844
440,Japan_007120.jpg,904,1,3425.0,medium,"[45.0, 366.0, 137.0, 25.0]",0.1336551010608673,0.6865076821592174,1,0.1336551010608673,0.6865076821592174
453,Japan_007272.jpg,952,2,25576.0,large,"[212.0, 416.0, 139.0, 184.0]",0.13303005695343018,0.8330717556818333,2,0.13303005695343018,0.8330717556818333
764,Japan_012604.jpg,1590,2,14746.0,large,"[80.0, 396.0, 146.0, 101.0]",0.13272398710250854,0.8007177688068425,2,0.13272398710250854,0.8007177688068425
787,Japan_013085.jpg,1642,1,1460.0,medium,"[526.0, 421.0, 73.0, 20.0]",0.13232958316802979,0.7355007153257114,1,0.13232958316802979,0.7355007153257114
629,Japan_010717.jpg,1333,0,805.0,small,"[264.0, 225.0, 23.0, 35.0]",0.13216279447078705,0.2991172709305089,0,0.13216279447078705,0.2991172709305089
606,Japan_010340.jpg,1275,0,396.0,small,"[239.0, 311.0, 12.0, 33.0]",0.1307823359966278,0.5911553377189663,0,0.1307823359966278,0.5911553377189663
261,Japan_004216.jpg,514,1,1309.0,medium,"[133.0, 435.0, 77.0, 17.0]",0.1288631111383438,0.7506540587540783,1,0.1288631111383438,0.7506540587540783
432,Japan_007046.jpg,886,0,5890.0,medium,"[427.0, 459.0, 62.0, 95.0]",0.12881554663181305,0.7601321049689006,0,0.12881554663181305,0.7601321049689006
280,Japan_004454.jpg,564,2,10764.0,large,"[270.0, 470.0, 92.0, 117.0]",0.1287251114845276,0.7575112297651496,0,0.15141060948371887,0.7575112297651496
52,Japan_000871.jpg,102,2,13500.0,large,"[187.0, 375.0, 125.0, 108.0]",0.12832684814929962,0.8556556298262011,2,0.12832684814929962,0.8556556298262011
647,Japan_010948.jpg,1373,1,1260.0,medium,"[475.0, 407.0, 105.0, 12.0]",0.12820176780223846,0.438393735923563,1,0.12820176780223846,0.438393735923563
611,Japan_010399.jpg,1293,0,1360.0,medium,"[246.0, 371.0, 34.0, 40.0]",0.12765280902385712,0.486953016746213,0,0.12765280902385712,0.486953016746213
452,Japan_007271.jpg,942,2,39292.0,large,"[385.0, 127.0, 209.0, 188.0]",0.126359760761261,0.6381236657152549,2,0.126359760761261,0.6381236657152549
229,Japan_003821.jpg,451,0,46035.0,large,"[42.0, 117.0, 165.0, 279.0]",0.12613113224506378,0.8458172154899122,0,0.12613113224506378,0.8458172154899122
787,Japan_013085.jpg,1641,1,3021.0,medium,"[280.0, 377.0, 159.0, 19.0]",0.12611398100852966,0.7113917323147142,1,0.12611398100852966,0.7113917323147142
778,Japan_012964.jpg,1622,3,928.0,small,"[272.0, 510.0, 32.0, 29.0]",0.12607935070991516,0.5710596128800163,3,0.12607935070991516,0.5710596128800163
447,Japan_007226.jpg,932,1,2700.0,medium,"[418.0, 230.0, 150.0, 18.0]",0.12483277916908264,0.5464601019823384,1,0.12483277916908264,0.5464601019823384
738,Japan_012162.jpg,1539,1,2813.0,medium,"[503.0, 439.0, 97.0, 29.0]",0.12435844540596008,0.6659217024841048,1,0.12435844540596008,0.6659217024841048
4,Japan_000050.jpg,7,2,60875.0,large,"[103.0, 252.0, 487.0, 125.0]",0.12390903383493423,0.7391238390206493,2,0.12390903383493423,0.7391238390206493
237,Japan_003893.jpg,470,2,6670.0,medium,"[406.0, 431.0, 115.0, 58.0]",0.12267639487981796,0.7308685884666649,2,0.12267639487981796,0.7308685884666649
161,Japan_002856.jpg,344,0,15390.0,large,"[173.0, 208.0, 81.0, 190.0]",0.12223433703184128,0.7557837002230875,0,0.12223433703184128,0.7557837002230875
536,Japan_008900.jpg,1145,2,2720.0,medium,"[2.0, 458.0, 40.0, 68.0]",0.12199342995882034,0.8212707742322755,2,0.12199342995882034,0.8212707742322755
740,Japan_012185.jpg,1544,0,50702.0,large,"[0.0, 398.0, 251.0, 202.0]",0.1219523549079895,0.893381772410174,2,0.7557606101036072,0.893381772410174
638,Japan_010837.jpg,1356,1,1958.0,medium,"[97.0, 287.0, 89.0, 22.0]",0.1218729242682457,0.5816655464176141,1,0.1218729242682457,0.5816655464176141
642,Japan_010875.jpg,1363,2,21306.0,large,"[220.0, 428.0, 134.0, 159.0]",0.11995504796504974,0.8177607267885377,2,0.11995504796504974,0.8177607267885377
562,Japan_009349.jpg,1189,2,8924.0,medium,"[1.0, 503.0, 92.0, 97.0]",0.11983591318130493,0.8789965291017258,2,0.11983591318130493,0.8789965291017258
102,Japan_001890.jpg,203,0,7326.0,medium,"[382.0, 511.0, 99.0, 74.0]",0.11922795325517654,0.6874574721771479,0,0.11922795325517654,0.6874574721771479
623,Japan_010608.jpg,1316,2,9263.0,large,"[406.0, 430.0, 157.0, 59.0]",0.11846661567687988,0.5354527296705429,2,0.11846661567687988,0.5354527296705429
620,Japan_010546.jpg,1308,2,8428.0,medium,"[314.0, 514.0, 98.0, 86.0]",0.1179116815328598,0.7365541426490552,3,0.2330595701932907,0.7365541426490552
694,Japan_011580.jpg,1457,2,16256.0,large,"[396.0, 467.0, 127.0, 128.0]",0.11733894050121307,0.8768694045781491,2,0.11733894050121307,0.8768694045781491
288,Japan_004620.jpg,576,1,3725.0,medium,"[451.0, 425.0, 149.0, 25.0]",0.11729849129915237,0.8273998063433067,1,0.11729849129915237,0.8273998063433067
508,Japan_008242.jpg,1069,0,1113.0,medium,"[58.0, 509.0, 21.0, 53.0]",0.11655735969543457,0.3462609323631502,0,0.11655735969543457,0.3462609323631502
237,Japan_003893.jpg,471,1,1632.0,medium,"[305.0, 377.0, 102.0, 16.0]",0.1165294423699379,0.7283205590783828,1,0.1165294423699379,0.7283205590783828
440,Japan_007120.jpg,905,0,9856.0,large,"[3.0, 400.0, 88.0, 112.0]",0.11643695086240768,0.5890062115051226,0,0.11643695086240768,0.5890062115051226
18,Japan_000296.jpg,30,1,8688.0,medium,"[381.0, 169.0, 181.0, 48.0]",0.11635276675224304,0.6026629974480106,1,0.11635276675224304,0.6026629974480106
48,Japan_000788.jpg,95,2,2310.0,medium,"[558.0, 480.0, 42.0, 55.0]",0.11623462289571762,0.5458141419717127,2,0.11623462289571762,0.5458141419717127
78,Japan_001506.jpg,158,1,4290.0,medium,"[108.0, 352.0, 143.0, 30.0]",0.11613631993532181,0.8390916760631714,1,0.11613631993532181,0.8390916760631714
452,Japan_007271.jpg,946,2,13390.0,large,"[318.0, 73.0, 103.0, 130.0]",0.11608164757490158,0.8210611427009463,0,0.3514893352985382,0.8210611427009463
11,Japan_000129.jpg,19,3,36432.0,large,"[632.0, 162.0, 198.0, 184.0]",0.11588772386312485,0.8149054197450233,3,0.11588772386312485,0.8149054197450233
289,Japan_004661.jpg,582,1,3570.0,medium,"[465.0, 510.0, 105.0, 34.0]",0.11364782601594925,0.7974129794825396,1,0.11364782601594925,0.7974129794825396
472,Japan_007518.jpg,985,1,2436.0,medium,"[278.0, 412.0, 116.0, 21.0]",0.11278190463781357,0.7421683389096918,1,0.11278190463781357,0.7421683389096918
123,Japan_002229.jpg,249,2,1612.0,medium,"[344.0, 473.0, 62.0, 26.0]",0.1124633252620697,0.7260276004978458,1,0.22151008248329163,0.7260276004978458
117,Japan_002153.jpg,243,3,2684.0,medium,"[539.0, 525.0, 61.0, 44.0]",0.11215461790561676,0.6627762076653682,3,0.11215461790561676,0.6627762076653682
452,Japan_007271.jpg,950,2,10506.0,large,"[49.0, 171.0, 102.0, 103.0]",0.11190447211265564,0.7841271138343798,2,0.11190447211265564,0.7841271138343798
427,Japan_006936.jpg,874,2,12060.0,large,"[66.0, 481.0, 201.0, 60.0]",0.1117066964507103,0.8501621583161189,2,0.1117066964507103,0.8501621583161189
676,Japan_011328.jpg,1426,2,31559.0,large,"[126.0, 449.0, 209.0, 151.0]",0.11160950362682343,0.8003846523358678,2,0.11160950362682343,0.8003846523358678
483,Japan_007745.jpg,1014,0,2392.0,medium,"[478.0, 480.0, 46.0, 52.0]",0.1111769899725914,0.8229146419138956,0,0.1111769899725914,0.8229146419138956
544,Japan_009068.jpg,1155,2,1298.0,medium,"[373.0, 577.0, 59.0, 22.0]",0.10975866764783859,0.685490150937444,2,0.10975866764783859,0.685490150937444
484,Japan_007746.jpg,1016,1,1890.0,medium,"[524.0, 130.0, 70.0, 27.0]",0.10951101779937744,0.6626106540859357,1,0.10951101779937744,0.6626106540859357
314,Japan_005095.jpg,627,1,10469.0,large,"[7.0, 571.0, 361.0, 29.0]",0.10919488966464996,0.7049106856999856,1,0.10919488966464996,0.7049106856999856
242,Japan_003990.jpg,483,0,10260.0,large,"[272.0, 210.0, 54.0, 190.0]",0.10888784378767014,0.24329333175378726,0,0.10888784378767014,0.24329333175378726
86,Japan_001625.jpg,173,0,2600.0,medium,"[270.0, 477.0, 50.0, 52.0]",0.10799041390419006,0.6726867610381481,0,0.10799041390419006,0.6726867610381481
319,Japan_005168.jpg,634,2,8000.0,medium,"[410.0, 419.0, 100.0, 80.0]",0.10760857164859772,0.8298862868805089,0,0.4037010669708252,0.8298862868805089
571,Japan_009509.jpg,1211,2,11544.0,large,"[318.0, 186.0, 222.0, 52.0]",0.10742707550525665,0.7503546466789447,1,0.3832218647003174,0.7503546466789447
452,Japan_007271.jpg,947,2,4154.0,medium,"[173.0, 168.0, 67.0, 62.0]",0.10729914158582687,0.7529855730683259,2,0.10729914158582687,0.7529855730683259
440,Japan_007120.jpg,906,0,4400.0,medium,"[290.0, 512.0, 50.0, 88.0]",0.1057346984744072,0.8273684413034386,0,0.1057346984744072,0.8273684413034386
274,Japan_004392.jpg,542,2,13340.0,large,"[347.0, 446.0, 116.0, 115.0]",0.10568596422672272,0.6418102190234217,2,0.10568596422672272,0.6418102190234217
100,Japan_001878.jpg,201,2,12519.0,large,"[384.0, 483.0, 107.0, 117.0]",0.10483545064926147,0.718045279909359,2,0.10483545064926147,0.718045279909359
4,Japan_000050.jpg,9,1,3740.0,medium,"[485.0, 385.0, 110.0, 34.0]",0.10455368459224701,0.7482635056125277,1,0.10455368459224701,0.7482635056125277
440,Japan_007120.jpg,908,1,2808.0,medium,"[481.0, 416.0, 117.0, 24.0]",0.10423143953084946,0.12928245416332673,0,0.12534861266613007,0.1782610284271402
81,Japan_001538.jpg,162,0,5060.0,medium,"[202.0, 489.0, 46.0, 110.0]",0.103114552795887,0.7731618213912715,0,0.103114552795887,0.7731618213912715
444,Japan_007198.jpg,919,1,975.0,small,"[386.0, 513.0, 75.0, 13.0]",0.10295799374580383,0.44528226553196637,1,0.10295799374580383,0.44528226553196637
76,Japan_001485.jpg,153,0,4588.0,medium,"[282.0, 482.0, 62.0, 74.0]",0.10272743552923203,0.6601084430943424,2,0.1345839649438858,0.6601084430943424
237,Japan_003893.jpg,472,1,2610.0,medium,"[405.0, 356.0, 174.0, 15.0]",0.1026543602347374,0.5611716370970025,1,0.1026543602347374,0.5611716370970025
563,Japan_009355.jpg,1195,1,1344.0,medium,"[115.0, 342.0, 56.0, 24.0]",0.10264617204666138,0.7535380776705713,0,0.24851031601428986,0.7535380776705713
440,Japan_007120.jpg,902,0,7392.0,medium,"[225.0, 356.0, 66.0, 112.0]",0.10259925574064255,0.5802369519004758,0,0.10259925574064255,0.5802369519004758
622,Japan_010589.jpg,1313,0,4611.0,medium,"[371.0, 432.0, 87.0, 53.0]",0.10235818475484848,0.7577585121269557,1,0.02502324804663658,0.8398384319771622
748,Japan_012332.jpg,1564,1,5145.0,medium,"[51.0, 377.0, 147.0, 35.0]",0.10162501037120819,0.5528601727768832,1,0.10162501037120819,0.5528601727768832
236,Japan_003873.jpg,463,0,10961.0,large,"[403.0, 362.0, 97.0, 113.0]",0.10138364881277084,0.8300587716397472,0,0.10138364881277084,0.8300587716397472
70,Japan_001306.jpg,138,2,21042.0,large,"[26.0, 461.0, 167.0, 126.0]",0.10124964267015457,0.721704090822422,2,0.10124964267015457,0.721704090822422
536,Japan_008900.jpg,1142,3,1364.0,medium,"[165.0, 395.0, 62.0, 22.0]",0.10075076669454575,0.8433770744780029,3,0.10075076669454575,0.8433770744780029
10,Japan_000128.jpg,18,2,31311.0,large,"[154.0, 351.0, 213.0, 147.0]",0.10051988810300827,0.8106593779607522,2,0.10051988810300827,0.8106593779607522
360,Japan_005777.jpg,733,2,3003.0,medium,"[523.0, 547.0, 77.0, 39.0]",0.10037307441234589,0.7284660970600896,2,0.10037307441234589,0.7284660970600896
107,Japan_001971.jpg,220,2,8320.0,medium,"[1.0, 348.0, 104.0, 80.0]",0.09982225298881531,0.5963989931366539,2,0.09982225298881531,0.5963989931366539
136,Japan_002440.jpg,286,1,2200.0,medium,"[124.0, 228.0, 110.0, 20.0]",0.09913486242294312,0.4809115181753284,1,0.09913486242294312,0.4809115181753284
578,Japan_009698.jpg,1220,2,29760.0,large,"[178.0, 384.0, 310.0, 96.0]",0.09827994555234909,0.6558839394221162,2,0.09827994555234909,0.6558839394221162
307,Japan_004964.jpg,614,2,21280.0,large,"[415.0, 460.0, 152.0, 140.0]",0.09807035326957703,0.9007444407568103,2,0.09807035326957703,0.9007444407568103
435,Japan_007061.jpg,890,2,16848.0,large,"[438.0, 426.0, 162.0, 104.0]",0.09784156084060669,0.6659032195686951,2,0.09784156084060669,0.6659032195686951
60,Japan_001134.jpg,115,2,37922.0,large,"[266.0, 154.0, 283.0, 134.0]",0.0977245643734932,0.639761577145755,2,0.0977245643734932,0.639761577145755
691,Japan_011552.jpg,1454,1,2781.0,medium,"[229.0, 492.0, 103.0, 27.0]",0.09760600328445435,0.7954145352809562,1,0.09760600328445435,0.7954145352809562
237,Japan_003893.jpg,469,2,7425.0,medium,"[495.0, 375.0, 99.0, 75.0]",0.09711629152297974,0.7858936814357054,0,0.1153903603553772,0.7858936814357054
100,Japan_001878.jpg,199,2,27690.0,large,"[68.0, 458.0, 195.0, 142.0]",0.09699443727731705,0.7094007949445771,2,0.09699443727731705,0.7094007949445771
488,Japan_007809.jpg,1023,0,820.0,small,"[372.0, 536.0, 20.0, 41.0]",0.09518592804670334,0.4406901864460007,0,0.09518592804670334,0.4406901864460007
347,Japan_005587.jpg,700,0,24128.0,large,"[211.0, 496.0, 232.0, 104.0]",0.09448263794183731,0.7632554307215312,0,0.09448263794183731,0.7632554307215312
151,Japan_002711.jpg,314,1,4818.0,medium,"[144.0, 462.0, 146.0, 33.0]",0.09190265089273453,0.7053814914255149,1,0.09190265089273453,0.7053814914255149
46,Japan_000743.jpg,90,3,1364.0,medium,"[500.0, 466.0, 44.0, 31.0]",0.09159927815198898,0.6255998989758216,3,0.09159927815198898,0.6255998989758216
447,Japan_007226.jpg,927,0,46428.0,large,"[383.0, 247.0, 212.0, 219.0]",0.091350257396698,0.8541320891291527,0,0.091350257396698,0.8541320891291527
449,Japan_007233.jpg,936,3,1638.0,medium,"[238.0, 302.0, 63.0, 26.0]",0.09103395789861679,0.6955599678261655,3,0.09103395789861679,0.6955599678261655
726,Japan_011973.jpg,1512,3,4047.0,medium,"[280.0, 508.0, 71.0, 57.0]",0.09098178893327713,0.5930926964485438,3,0.09098178893327713,0.5930926964485438
530,Japan_008718.jpg,1124,0,1739.0,medium,"[157.0, 178.0, 37.0, 47.0]",0.08930032700300217,0.6073866427853883,0,0.08930032700300217,0.6073866427853883
236,Japan_003873.jpg,464,0,9506.0,large,"[502.0, 498.0, 97.0, 98.0]",0.08836304396390915,0.8194857775318996,0,0.08836304396390915,0.8194857775318996
666,Japan_011164.jpg,1406,2,50600.0,large,"[31.0, 380.0, 230.0, 220.0]",0.08750693500041962,0.8544899149133189,2,0.08750693500041962,0.8544899149133189
162,Japan_002864.jpg,349,1,1072.0,medium,"[316.0, 401.0, 67.0, 16.0]",0.08696760982275009,0.692075727165317,1,0.08696760982275009,0.692075727165317
480,Japan_007679.jpg,1006,1,1197.0,medium,"[254.0, 477.0, 63.0, 19.0]",0.08683625608682632,0.7391819585257012,1,0.08683625608682632,0.7391819585257012
385,Japan_006154.jpg,777,1,1344.0,medium,"[29.0, 366.0, 96.0, 14.0]",0.08674722164869308,0.6241637093747167,1,0.08674722164869308,0.6241637093747167
263,Japan_004224.jpg,520,2,5451.0,medium,"[336.0, 364.0, 69.0, 79.0]",0.0865941122174263,0.4923707187883594,0,0.09260179847478867,0.4923707187883594
562,Japan_009349.jpg,1192,2,27360.0,large,"[360.0, 484.0, 240.0, 114.0]",0.08606087416410446,0.8811048193780652,2,0.08606087416410446,0.8811048193780652
522,Japan_008509.jpg,1093,1,1539.0,medium,"[459.0, 108.0, 81.0, 19.0]",0.0856093168258667,0.786276748987397,1,0.0856093168258667,0.786276748987397
62,Japan_001157.jpg,124,2,7020.0,medium,"[214.0, 361.0, 60.0, 117.0]",0.08429470658302307,0.8568259184459818,2,0.08429470658302307,0.8568259184459818
238,Japan_003911.jpg,475,2,30969.0,large,"[157.0, 333.0, 279.0, 111.0]",0.08381009101867676,0.7627946545719704,2,0.08381009101867676,0.7627946545719704
110,Japan_002006.jpg,225,2,15015.0,large,"[241.0, 229.0, 143.0, 105.0]",0.08367819339036942,0.8225696093408577,2,0.08367819339036942,0.8225696093408577
763,Japan_012598.jpg,1589,0,1220.0,medium,"[330.0, 539.0, 20.0, 61.0]",0.08315639942884445,0.6613960757050592,0,0.08315639942884445,0.6613960757050592
43,Japan_000728.jpg,80,1,792.0,small,"[194.0, 350.0, 66.0, 12.0]",0.08300834149122238,0.6416588404496281,1,0.08300834149122238,0.6416588404496281
472,Japan_007518.jpg,987,1,4369.0,medium,"[340.0, 469.0, 257.0, 17.0]",0.08256746083498001,0.3822315490775677,1,0.08256746083498001,0.3822315490775677
43,Japan_000728.jpg,78,1,1224.0,medium,"[411.0, 474.0, 68.0, 18.0]",0.08255201578140259,0.738258755836985,1,0.08255201578140259,0.738258755836985
397,Japan_006325.jpg,812,1,6300.0,medium,"[2.0, 382.0, 100.0, 63.0]",0.08153071999549866,0.8302243244842001,1,0.08153071999549866,0.8302243244842001
332,Japan_005395.jpg,663,2,43472.0,large,"[127.0, 225.0, 247.0, 176.0]",0.08120063692331314,0.6623359673517414,2,0.08120063692331314,0.6623359673517414
662,Japan_011121.jpg,1396,2,7965.0,medium,"[335.0, 296.0, 177.0, 45.0]",0.08060912787914276,0.7846728391124239,2,0.08060912787914276,0.7846728391124239
661,Japan_011119.jpg,1393,2,121632.0,large,"[232.0, 108.0, 362.0, 336.0]",0.08042539656162262,0.8050453789286188,2,0.08042539656162262,0.8050453789286188
86,Japan_001625.jpg,172,0,990.0,small,"[135.0, 494.0, 30.0, 33.0]",0.08005844801664352,0.6449638060817632,0,0.08005844801664352,0.6449638060817632
132,Japan_002390.jpg,275,2,88830.0,large,"[78.0, 389.0, 423.0, 210.0]",0.0795968770980835,0.7869642927745697,2,0.0795968770980835,0.7869642927745697
775,Japan_012808.jpg,1612,0,6048.0,medium,"[325.0, 421.0, 54.0, 112.0]",0.07947802543640137,0.6777756857822812,0,0.07947802543640137,0.6777756857822812
340,Japan_005471.jpg,685,1,1472.0,medium,"[298.0, 409.0, 92.0, 16.0]",0.07916253060102463,0.3581278918485692,1,0.07916253060102463,0.3581278918485692
161,Japan_002856.jpg,343,0,6968.0,medium,"[499.0, 415.0, 67.0, 104.0]",0.07903346419334412,0.5835277117300348,0,0.07903346419334412,0.5835277117300348
725,Japan_011955.jpg,1510,3,35328.0,large,"[5.0, 469.0, 276.0, 128.0]",0.07897264510393143,0.7905823524753662,2,0.10162048041820526,0.9227494229671074
244,Japan_004011.jpg,485,0,874.0,small,"[271.0, 474.0, 38.0, 23.0]",0.07861582934856415,0.5869073580196672,2,0.11901810020208359,0.5869073580196672
581,Japan_009785.jpg,1234,1,5432.0,medium,"[3.0, 395.0, 194.0, 28.0]",0.07847905158996582,0.6012911765408536,1,0.07847905158996582,0.6012911765408536
491,Japan_007905.jpg,1027,3,484.0,small,"[322.0, 192.0, 22.0, 22.0]",0.07788971066474915,0.573240880133895,3,0.07788971066474915,0.573240880133895
688,Japan_011513.jpg,1445,0,225.0,small,"[274.0, 323.0, 9.0, 25.0]",0.07785887271165848,0.5543799869519279,0,0.07785887271165848,0.5543799869519279
522,Japan_008509.jpg,1094,1,1904.0,medium,"[416.0, 79.0, 112.0, 17.0]",0.07716552913188934,0.4509728483251287,2,0.03621714189648628,0.5017938153036151
39,Japan_000670.jpg,72,1,1824.0,medium,"[310.0, 316.0, 96.0, 19.0]",0.0764721930027008,0.5669824299614898,1,0.0764721930027008,0.5669824299614898
443,Japan_007152.jpg,916,2,38948.0,large,"[1.0, 929.0, 428.0, 91.0]",0.07634498178958893,0.42768936268640995,1,0.09306706488132477,0.42768936268640995
19,Japan_000297.jpg,32,1,3120.0,medium,"[370.0, 426.0, 130.0, 24.0]",0.07555054873228073,0.6125224964133876,1,0.07555054873228073,0.6125224964133876
638,Japan_010837.jpg,1355,0,1760.0,medium,"[513.0, 389.0, 44.0, 40.0]",0.07552901655435562,0.7087669172053206,0,0.07552901655435562,0.7087669172053206
428,Japan_006946.jpg,881,0,5082.0,medium,"[338.0, 396.0, 42.0, 121.0]",0.07529059052467346,0.6704325176868059,0,0.07529059052467346,0.6704325176868059
211,Japan_003605.jpg,418,3,266.0,small,"[169.0, 372.0, 19.0, 14.0]",0.07445274293422699,0.691293175246226,3,0.07445274293422699,0.691293175246226
742,Japan_012247.jpg,1552,1,2366.0,medium,"[177.0, 392.0, 91.0, 26.0]",0.07421792298555374,0.4599987272486417,1,0.07421792298555374,0.4599987272486417
618,Japan_010511.jpg,1304,2,166005.0,large,"[1.0, 37.0, 465.0, 357.0]",0.07399462163448334,0.8892595370301818,2,0.07399462163448334,0.8892595370301818
580,Japan_009746.jpg,1229,2,3036.0,medium,"[1.0, 493.0, 69.0, 44.0]",0.0739469826221466,0.6406680540190051,2,0.0739469826221466,0.6406680540190051
478,Japan_007636.jpg,1001,2,10833.0,large,"[271.0, 493.0, 157.0, 69.0]",0.07391662150621414,0.8110626846635172,2,0.07391662150621414,0.8110626846635172
360,Japan_005777.jpg,732,1,2448.0,medium,"[376.0, 496.0, 136.0, 18.0]",0.07304471731185913,0.5646325005395543,1,0.07304471731185913,0.5646325005395543
774,Japan_012807.jpg,1608,2,11122.0,large,"[182.0, 345.0, 134.0, 83.0]",0.07205045968294144,0.7176498078803626,2,0.07205045968294144,0.7176498078803626
274,Japan_004392.jpg,546,1,9936.0,large,"[145.0, 540.0, 276.0, 36.0]",0.07194223254919052,0.7883340837305496,1,0.07194223254919052,0.7883340837305496
274,Japan_004392.jpg,548,1,19550.0,large,"[170.0, 513.0, 425.0, 46.0]",0.07194223254919052,0.2001580211989546,2,0.15221717953681946,0.335612948361494
31,Japan_000548.jpg,54,2,23532.0,large,"[282.0, 523.0, 318.0, 74.0]",0.07169057428836823,0.5540437433788108,2,0.07169057428836823,0.5540437433788108
151,Japan_002711.jpg,315,1,1785.0,medium,"[293.0, 475.0, 85.0, 21.0]",0.07106312364339828,0.760948612699528,1,0.07106312364339828,0.760948612699528
629,Japan_010717.jpg,1334,2,2160.0,medium,"[248.0, 257.0, 54.0, 40.0]",0.07087817788124084,0.5653399115260683,0,0.07864656299352646,0.5653399115260683
353,Japan_005683.jpg,715,3,6622.0,medium,"[468.0, 308.0, 86.0, 77.0]",0.07040753215551376,0.24003676617373101,3,0.07040753215551376,0.24003676617373101
688,Japan_011513.jpg,1444,0,2691.0,medium,"[176.0, 501.0, 39.0, 69.0]",0.07035373896360397,0.7638219296299977,0,0.07035373896360397,0.7638219296299977
6,Japan_000072.jpg,12,1,6507.0,medium,"[153.0, 492.0, 241.0, 27.0]",0.06940848380327225,0.6340007765616716,1,0.06940848380327225,0.6340007765616716
62,Japan_001157.jpg,121,1,2079.0,medium,"[501.0, 496.0, 99.0, 21.0]",0.06935053318738937,0.8161959099967071,1,0.06935053318738937,0.8161959099967071
127,Japan_002329.jpg,262,2,35624.0,large,"[281.0, 353.0, 292.0, 122.0]",0.06924661993980408,0.7589860143141969,2,0.06924661993980408,0.7589860143141969
496,Japan_007959.jpg,1048,3,660.0,small,"[490.0, 580.0, 33.0, 20.0]",0.0683761015534401,0.35018185269879465,3,0.0683761015534401,0.35018185269879465
530,Japan_008718.jpg,1121,0,37100.0,large,"[356.0, 230.0, 140.0, 265.0]",0.06758513301610947,0.8065897245684228,0,0.06758513301610947,0.8065897245684228
654,Japan_011058.jpg,1382,3,462.0,small,"[225.0, 431.0, 22.0, 21.0]",0.06688863784074783,0.0,2,0.09518645703792572,0.0022696198422052774
449,Japan_007233.jpg,939,2,34185.0,large,"[247.0, 323.0, 159.0, 215.0]",0.06650489568710327,0.6156422253550329,2,0.06650489568710327,0.6156422253550329
535,Japan_008767.jpg,1140,1,3600.0,medium,"[334.0, 422.0, 120.0, 30.0]",0.06638985872268677,0.6736804128852408,0,0.08117467910051346,0.6736804128852408
761,Japan_012563.jpg,1585,1,7040.0,medium,"[343.0, 516.0, 220.0, 32.0]",0.06627512723207474,0.7532244257530358,1,0.06627512723207474,0.7532244257530358
483,Japan_007745.jpg,1009,3,1088.0,medium,"[426.0, 523.0, 32.0, 34.0]",0.06614509224891663,0.36914366262830806,3,0.06614509224891663,0.36914366262830806
127,Japan_002329.jpg,263,0,6096.0,medium,"[282.0, 473.0, 48.0, 127.0]",0.06584921479225159,0.8993668824713323,0,0.06584921479225159,0.8993668824713323
480,Japan_007679.jpg,1005,2,15805.0,large,"[455.0, 396.0, 145.0, 109.0]",0.06570282578468323,0.7617103152241004,2,0.06570282578468323,0.7617103152241004
572,Japan_009526.jpg,1213,1,1734.0,medium,"[495.0, 276.0, 102.0, 17.0]",0.065269835293293,0.6513527333330339,1,0.065269835293293,0.6513527333330339
353,Japan_005683.jpg,716,2,70490.0,large,"[891.0, 383.0, 133.0, 530.0]",0.06511610746383667,0.7308786951708155,2,0.06511610746383667,0.7308786951708155
571,Japan_009509.jpg,1209,2,14896.0,large,"[388.0, 328.0, 152.0, 98.0]",0.06369979679584503,0.7725603849852234,2,0.06369979679584503,0.7725603849852234
74,Japan_001396.jpg,148,1,270.0,small,"[88.0, 441.0, 27.0, 10.0]",0.06351372599601746,0.5213033312935934,1,0.06351372599601746,0.5213033312935934
491,Japan_007905.jpg,1031,3,6077.0,medium,"[328.0, 453.0, 103.0, 59.0]",0.06335462629795074,0.252593545433258,3,0.06335462629795074,0.252593545433258
739,Japan_012165.jpg,1543,1,16240.0,large,"[201.0, 205.0, 203.0, 80.0]",0.06316805630922318,0.5812997905368164,1,0.06316805630922318,0.5812997905368164
340,Japan_005471.jpg,686,0,8470.0,medium,"[278.0, 378.0, 70.0, 121.0]",0.06316377222537994,0.39502536247241354,0,0.06316377222537994,0.39502536247241354
731,Japan_012023.jpg,1525,1,3250.0,medium,"[417.0, 388.0, 130.0, 25.0]",0.0631605014204979,0.8640918119547514,1,0.0631605014204979,0.8640918119547514
1,Japan_000000.jpg,4,0,4400.0,medium,"[510.0, 454.0, 50.0, 88.0]",0.06285369396209717,0.13701364659792997,3,0.05147501081228256,0.4206554791241285
562,Japan_009349.jpg,1191,2,5671.0,medium,"[219.0, 505.0, 107.0, 53.0]",0.0625295341014862,0.7805359561660665,2,0.0625295341014862,0.7805359561660665
505,Japan_008139.jpg,1060,0,19257.0,large,"[395.0, 453.0, 131.0, 147.0]",0.0623137392103672,0.8304740216905342,2,0.24874091148376465,0.8304740216905342
742,Japan_012247.jpg,1550,0,16263.0,large,"[1.0, 334.0, 117.0, 139.0]",0.061280883848667145,0.7396115776917066,0,0.061280883848667145,0.7396115776917066
654,Japan_011058.jpg,1383,2,52224.0,large,"[408.0, 179.0, 192.0, 272.0]",0.06100932136178017,0.8465377656944365,2,0.06100932136178017,0.8465377656944365
290,Japan_004665.jpg,587,0,1728.0,medium,"[392.0, 414.0, 48.0, 36.0]",0.060511909425258636,0.4692460020751575,2,0.07156917452812195,0.4692460020751575
428,Japan_006946.jpg,880,3,1071.0,medium,"[354.0, 225.0, 51.0, 21.0]",0.05952206999063492,0.3554418903927927,3,0.05952206999063492,0.3554418903927927
45,Japan_000738.jpg,84,1,2544.0,medium,"[133.0, 365.0, 106.0, 24.0]",0.05948026850819588,0.6588751273393112,1,0.05948026850819588,0.6588751273393112
427,Japan_006936.jpg,873,2,5700.0,medium,"[149.0, 426.0, 114.0, 50.0]",0.05930430442094803,0.6171447129173792,2,0.05930430442094803,0.6171447129173792
467,Japan_007454.jpg,978,2,8946.0,medium,"[92.0, 362.0, 142.0, 63.0]",0.05919744819402695,0.6886836507770255,2,0.05919744819402695,0.6886836507770255
385,Japan_006154.jpg,778,1,1540.0,medium,"[123.0, 341.0, 77.0, 20.0]",0.05913504585623741,0.38593686359436413,0,0.1112123504281044,0.38593686359436413
166,Japan_002909.jpg,354,1,720.0,small,"[560.0, 345.0, 40.0, 18.0]",0.05767381936311722,0.5764492845848583,1,0.05767381936311722,0.5764492845848583
32,Japan_000579.jpg,55,2,48257.0,large,"[120.0, 493.0, 451.0, 107.0]",0.05746765062212944,0.6115168336645195,2,0.05746765062212944,0.6115168336645195
418,Japan_006752.jpg,857,0,1672.0,medium,"[186.0, 383.0, 76.0, 22.0]",0.05658113583922386,0.7276875134418175,0,0.05658113583922386,0.7276875134418175
288,Japan_004620.jpg,577,1,3420.0,medium,"[268.0, 432.0, 171.0, 20.0]",0.056190911680459976,0.4104185505938138,1,0.056190911680459976,0.4104185505938138
449,Japan_007233.jpg,937,3,1456.0,medium,"[176.0, 343.0, 56.0, 26.0]",0.05615714564919472,0.45292276361203737,3,0.05615714564919472,0.45292276361203737
563,Japan_009355.jpg,1194,1,1360.0,medium,"[30.0, 371.0, 85.0, 16.0]",0.05558788776397705,0.6649343373271396,1,0.05558788776397705,0.6649343373271396
666,Japan_011164.jpg,1408,2,6534.0,medium,"[287.0, 396.0, 121.0, 54.0]",0.05546855553984642,0.4422926601497289,2,0.05546855553984642,0.4422926601497289
475,Japan_007546.jpg,994,2,19388.0,large,"[349.0, 454.0, 148.0, 131.0]",0.055466774851083755,0.7378035816094739,2,0.055466774851083755,0.7378035816094739
35,Japan_000630.jpg,63,2,1386.0,medium,"[97.0, 419.0, 42.0, 33.0]",0.05541336536407471,0.7239573071006111,2,0.05541336536407471,0.7239573071006111
587,Japan_009934.jpg,1247,0,5022.0,medium,"[449.0, 328.0, 54.0, 93.0]",0.05532515421509743,0.7168747944771321,0,0.05532515421509743,0.7168747944771321
537,Japan_008919.jpg,1146,1,624.0,small,"[552.0, 351.0, 48.0, 13.0]",0.05513304844498634,0.5889470395322737,1,0.05513304844498634,0.5889470395322737
599,Japan_010158.jpg,1264,2,5610.0,medium,"[9.0, 344.0, 170.0, 33.0]",0.0549951009452343,0.6460831429076972,2,0.0549951009452343,0.6460831429076972
613,Japan_010415.jpg,1297,1,836.0,small,"[165.0, 369.0, 38.0, 22.0]",0.05474149063229561,0.5809047995225988,0,0.09590399265289307,0.5809047995225988
565,Japan_009363.jpg,1199,3,5986.0,medium,"[513.0, 510.0, 82.0, 73.0]",0.05452887713909149,0.7389509602100656,0,0.22242432832717896,0.7389509602100656
571,Japan_009509.jpg,1210,2,15606.0,large,"[361.0, 5.0, 153.0, 102.0]",0.05442363768815994,0.7355862513170252,2,0.05442363768815994,0.7355862513170252
556,Japan_009305.jpg,1178,3,288.0,small,"[288.0, 527.0, 18.0, 16.0]",0.054167669266462326,0.5784820087827036,3,0.054167669266462326,0.5784820087827036
369,Japan_006022.jpg,748,1,2091.0,medium,"[71.0, 527.0, 123.0, 17.0]",0.05338732525706291,0.5190761988919301,1,0.05338732525706291,0.5190761988919301
411,Japan_006536.jpg,842,0,9462.0,large,"[7.0, 157.0, 114.0, 83.0]",0.05277107283473015,0.7691850495252158,0,0.05277107283473015,0.7691850495252158
449,Japan_007233.jpg,938,3,374.0,small,"[182.0, 326.0, 22.0, 17.0]",0.05273270234465599,0.07785524463883191,3,0.05273270234465599,0.07785524463883191
359,Japan_005762.jpg,727,3,931.0,small,"[377.0, 581.0, 49.0, 19.0]",0.052210643887519836,0.50911466081598,3,0.052210643887519836,0.50911466081598
46,Japan_000743.jpg,88,2,14329.0,large,"[128.0, 401.0, 161.0, 89.0]",0.05209038779139519,0.577563463067321,3,0.05541703477501869,0.577563463067321
274,Japan_004392.jpg,543,0,4851.0,medium,"[471.0, 433.0, 77.0, 63.0]",0.05206478759646416,0.7364080480084492,0,0.05206478759646416,0.7364080480084492
93,Japan_001698.jpg,189,2,50042.0,large,"[1.0, 89.0, 191.0, 262.0]",0.05176210403442383,0.9425420751024455,2,0.05176210403442383,0.9425420751024455
279,Japan_004444.jpg,561,1,10716.0,large,"[50.0, 358.0, 282.0, 38.0]",0.05114265903830528,0.6829858976830613,1,0.05114265903830528,0.6829858976830613
262,Japan_004217.jpg,517,3,385.0,small,"[200.0, 388.0, 35.0, 11.0]",0.05067085474729538,0.056348433231082865,1,0.024834301322698593,0.13793188942030363
368,Japan_005982.jpg,747,2,36386.0,large,"[379.0, 212.0, 161.0, 226.0]",0.05054247006773949,0.7755594235126154,2,0.05054247006773949,0.7755594235126154
417,Japan_006738.jpg,853,0,8892.0,medium,"[248.0, 314.0, 57.0, 156.0]",0.05030001327395439,0.6483561860128496,2,0.07008496671915054,0.6483561860128496
37,Japan_000649.jpg,67,1,2600.0,medium,"[8.0, 465.0, 130.0, 20.0]",0.049931857734918594,0.02719591095162996,0,0.07023465633392334,0.15049846371723968
346,Japan_005572.jpg,698,0,342.0,small,"[298.0, 415.0, 18.0, 19.0]",0.049783576279878616,0.33582473709670424,0,0.049783576279878616,0.33582473709670424
599,Japan_010158.jpg,1265,2,4628.0,medium,"[1.0, 390.0, 178.0, 26.0]",0.04967496544122696,0.647957822532559,1,0.05953492596745491,0.647957822532559
338,Japan_005463.jpg,681,0,1332.0,medium,"[281.0, 399.0, 37.0, 36.0]",0.04889728128910065,0.4346246199259954,0,0.04889728128910065,0.4346246199259954
22,Japan_000354.jpg,39,1,21995.0,large,"[52.0, 348.0, 415.0, 53.0]",0.04864685609936714,0.6473741821747321,1,0.04864685609936714,0.6473741821747321
506,Japan_008206.jpg,1062,0,15958.0,large,"[216.0, 437.0, 101.0, 158.0]",0.04846679046750069,0.7125019842589629,2,0.3465544283390045,0.7125019842589629
657,Japan_011076.jpg,1388,0,1224.0,medium,"[264.0, 520.0, 24.0, 51.0]",0.0482848659157753,0.8407945740858421,0,0.0482848659157753,0.8407945740858421
126,Japan_002319.jpg,261,2,3320.0,medium,"[264.0, 394.0, 40.0, 83.0]",0.04826412349939346,0.5890215410780225,2,0.04826412349939346,0.5890215410780225
467,Japan_007454.jpg,977,1,2616.0,medium,"[77.0, 518.0, 109.0, 24.0]",0.04730096086859703,0.7300836115139965,1,0.04730096086859703,0.7300836115139965
170,Japan_002929.jpg,360,0,2112.0,medium,"[308.0, 453.0, 64.0, 33.0]",0.0471564382314682,0.31937704241305787,2,0.0746009573340416,0.5980175723204136
354,Japan_005685.jpg,720,1,2508.0,medium,"[56.0, 439.0, 44.0, 57.0]",0.047153040766716,0.8372632719021755,0,0.5333619713783264,0.8372632719021755
688,Japan_011513.jpg,1449,0,1920.0,medium,"[304.0, 341.0, 30.0, 64.0]",0.04712654650211334,0.6049290160313473,0,0.04712654650211334,0.6049290160313473
724,Japan_011919.jpg,1508,2,15515.0,large,"[472.0, 390.0, 107.0, 145.0]",0.047028034925460815,0.7726134797844227,2,0.047028034925460815,0.7726134797844227
510,Japan_008289.jpg,1072,2,1886.0,medium,"[294.0, 310.0, 41.0, 46.0]",0.04700959846377373,0.4466793891726051,0,0.06157650798559189,0.4466793891726051
722,Japan_011903.jpg,1503,2,16530.0,large,"[408.0, 513.0, 190.0, 87.0]",0.046388689428567886,0.6800040855335419,3,0.08328627794981003,0.7310943197300356
262,Japan_004217.jpg,518,3,168.0,small,"[162.0, 401.0, 12.0, 14.0]",0.04597892239689827,0.07315003933186144,3,0.04597892239689827,0.07315003933186144
364,Japan_005842.jpg,739,0,36852.0,large,"[1.0, 306.0, 166.0, 222.0]",0.04465258866548538,0.748563935697709,2,0.12844088673591614,0.748563935697709
77,Japan_001493.jpg,155,0,25676.0,large,"[83.0, 238.0, 131.0, 196.0]",0.04446034133434296,0.7115840230675997,0,0.04446034133434296,0.7115840230675997
122,Japan_002228.jpg,248,2,5915.0,medium,"[535.0, 388.0, 65.0, 91.0]",0.044057779014110565,0.4761621458354762,2,0.044057779014110565,0.4761621458354762
6,Japan_000072.jpg,11,0,1500.0,medium,"[206.0, 531.0, 30.0, 50.0]",0.04380906745791435,0.8052897701277206,0,0.04380906745791435,0.8052897701277206
722,Japan_011903.jpg,1504,2,4266.0,medium,"[546.0, 420.0, 54.0, 79.0]",0.04348668456077576,0.2514157011035225,2,0.04348668456077576,0.2514157011035225
787,Japan_013085.jpg,1639,0,6095.0,medium,"[154.0, 459.0, 53.0, 115.0]",0.04347972571849823,0.5418678829382554,0,0.04347972571849823,0.5418678829382554
29,Japan_000460.jpg,49,1,4096.0,medium,"[248.0, 424.0, 128.0, 32.0]",0.04297763109207153,0.3337999132350373,2,0.06131676211953163,0.6133817910341902
28,Japan_000446.jpg,47,2,13653.0,large,"[218.0, 559.0, 333.0, 41.0]",0.04295121878385544,0.8778077708128182,2,0.04295121878385544,0.8778077708128182
732,Japan_012028.jpg,1526,0,7824.0,medium,"[271.0, 368.0, 48.0, 163.0]",0.04271959513425827,0.6842380071460438,0,0.04271959513425827,0.6842380071460438
129,Japan_002342.jpg,270,1,6210.0,medium,"[123.0, 335.0, 138.0, 45.0]",0.04271865636110306,0.7183322761792157,1,0.04271865636110306,0.7183322761792157
779,Japan_012984.jpg,1623,2,2650.0,medium,"[334.0, 478.0, 50.0, 53.0]",0.04230309650301933,0.7877827582923187,0,0.15690088272094727,0.7877827582923187
460,Japan_007367.jpg,965,0,7300.0,medium,"[111.0, 430.0, 73.0, 100.0]",0.041910797357559204,0.5165293522401051,0,0.041910797357559204,0.5165293522401051
157,Japan_002780.jpg,333,1,3864.0,medium,"[283.0, 462.0, 138.0, 28.0]",0.04164654389023781,0.7004922884603664,1,0.04164654389023781,0.7004922884603664
666,Japan_011164.jpg,1407,2,16800.0,large,"[253.0, 520.0, 210.0, 80.0]",0.04149589315056801,0.43510435273456866,3,0.10208560526371002,0.44173111811590693
125,Japan_002284.jpg,254,1,2583.0,medium,"[457.0, 347.0, 63.0, 41.0]",0.04129701107740402,0.05829635003451799,1,0.04129701107740402,0.05829635003451799
605,Japan_010323.jpg,1272,0,2418.0,medium,"[223.0, 332.0, 39.0, 62.0]",0.04071493446826935,0.6384807455712921,0,0.04071493446826935,0.6384807455712921
586,Japan_009908.jpg,1244,0,8034.0,medium,"[292.0, 347.0, 78.0, 103.0]",0.04063773155212402,0.7971899719462543,0,0.04063773155212402,0.7971899719462543
365,Japan_005903.jpg,740,1,1539.0,medium,"[185.0, 491.0, 57.0, 27.0]",0.04048752039670944,0.5780761514862058,0,0.17631195485591888,0.5780761514862058
550,Japan_009159.jpg,1167,2,10080.0,large,"[4.0, 488.0, 90.0, 112.0]",0.039865367114543915,0.515368701806899,2,0.039865367114543915,0.515368701806899
511,Japan_008321.jpg,1073,2,2508.0,medium,"[250.0, 547.0, 76.0, 33.0]",0.03981473296880722,0.650235280042656,0,0.144674152135849,0.650235280042656
55,Japan_000949.jpg,105,3,1890.0,medium,"[214.0, 534.0, 63.0, 30.0]",0.03945526108145714,0.5838039894686688,3,0.03945526108145714,0.5838039894686688
668,Japan_011202.jpg,1413,3,2840.0,medium,"[324.0, 467.0, 71.0, 40.0]",0.03939060494303703,0.8493477069092733,3,0.03939060494303703,0.8493477069092733
620,Japan_010546.jpg,1306,3,6177.0,medium,"[240.0, 519.0, 87.0, 71.0]",0.03929245099425316,0.8993718770352671,3,0.03929245099425316,0.8993718770352671
403,Japan_006415.jpg,825,0,22005.0,large,"[397.0, 460.0, 163.0, 135.0]",0.03848423808813095,0.7524238822564431,0,0.03848423808813095,0.7524238822564431
56,Japan_000994.jpg,109,3,1140.0,medium,"[293.0, 503.0, 57.0, 20.0]",0.0383775420486927,0.0,0,0.6091016530990601,0.0
57,Japan_000999.jpg,110,0,2432.0,medium,"[229.0, 289.0, 38.0, 64.0]",0.038049351423978806,0.7430684874384501,0,0.038049351423978806,0.7430684874384501
226,Japan_003814.jpg,447,2,4810.0,medium,"[284.0, 370.0, 74.0, 65.0]",0.03775356709957123,0.45684301545726896,0,0.1982812136411667,0.45684301545726896
333,Japan_005427.jpg,665,2,13040.0,large,"[265.0, 220.0, 163.0, 80.0]",0.03714270144701004,0.5508904805653805,2,0.03714270144701004,0.5508904805653805
637,Japan_010833.jpg,1349,0,5616.0,medium,"[245.0, 346.0, 54.0, 104.0]",0.03709939122200012,0.6607424594016862,0,0.03709939122200012,0.6607424594016862
83,Japan_001544.jpg,166,2,13272.0,large,"[367.0, 325.0, 168.0, 79.0]",0.036797959357500076,0.787265764027148,2,0.036797959357500076,0.787265764027148
541,Japan_008973.jpg,1151,0,27406.0,large,"[453.0, 393.0, 142.0, 193.0]",0.03675474226474762,0.8124256343828166,0,0.03675474226474762,0.8124256343828166
126,Japan_002319.jpg,260,3,444.0,small,"[289.0, 327.0, 37.0, 12.0]",0.036734987050294876,0.6790224565403535,3,0.036734987050294876,0.6790224565403535
131,Japan_002389.jpg,274,2,7144.0,medium,"[142.0, 553.0, 152.0, 47.0]",0.03641616553068161,0.772489163597125,2,0.03641616553068161,0.772489163597125
404,Japan_006423.jpg,826,2,7038.0,medium,"[180.0, 363.0, 69.0, 102.0]",0.036321938037872314,0.8857126344924687,0,0.05543257296085358,0.8857126344924687
389,Japan_006194.jpg,787,0,2924.0,medium,"[468.0, 409.0, 68.0, 43.0]",0.03535430505871773,0.7790882783149555,0,0.03535430505871773,0.7790882783149555
231,Japan_003847.jpg,453,0,2255.0,medium,"[267.0, 294.0, 41.0, 55.0]",0.035190097987651825,0.8039220663619613,0,0.035190097987651825,0.8039220663619613
127,Japan_002329.jpg,264,0,5400.0,medium,"[528.0, 469.0, 72.0, 75.0]",0.0348653681576252,0.6091835373072265,2,0.05155278742313385,0.6091835373072265
1,Japan_000000.jpg,1,2,23474.0,large,"[406.0, 475.0, 194.0, 121.0]",0.03470596298575401,0.8138650364119344,2,0.03470596298575401,0.8138650364119344
665,Japan_011156.jpg,1403,1,6300.0,medium,"[284.0, 385.0, 210.0, 30.0]",0.03347332403063774,0.6559195960355503,1,0.03347332403063774,0.6559195960355503
562,Japan_009349.jpg,1190,2,9570.0,large,"[126.0, 545.0, 174.0, 55.0]",0.033419422805309296,0.7868109663527443,2,0.033419422805309296,0.7868109663527443
656,Japan_011066.jpg,1385,2,24381.0,large,"[348.0, 466.0, 189.0, 129.0]",0.033232782036066055,0.7938666633261247,3,0.06129279360175133,0.7938666633261247
534,Japan_008755.jpg,1137,1,1820.0,medium,"[11.0, 421.0, 91.0, 20.0]",0.033139072358608246,0.6197107647596639,1,0.033139072358608246,0.6197107647596639
774,Japan_012807.jpg,1610,2,6241.0,medium,"[242.0, 430.0, 79.0, 79.0]",0.03292417526245117,0.3343122109441202,0,0.017954889684915543,0.576945198492174
180,Japan_003006.jpg,375,2,5588.0,medium,"[429.0, 393.0, 127.0, 44.0]",0.032585594803094864,0.593252103467286,2,0.032585594803094864,0.593252103467286
360,Japan_005777.jpg,730,1,1600.0,medium,"[125.0, 518.0, 100.0, 16.0]",0.03241891786456108,0.6064429167265092,1,0.03241891786456108,0.6064429167265092
550,Japan_009159.jpg,1165,2,14089.0,large,"[22.0, 427.0, 193.0, 73.0]",0.03156962990760803,0.6274022359106302,2,0.03156962990760803,0.6274022359106302
586,Japan_009908.jpg,1245,0,5292.0,medium,"[348.0, 444.0, 63.0, 84.0]",0.031484007835388184,0.7014262190400947,0,0.031484007835388184,0.7014262190400947
141,Japan_002557.jpg,292,2,10921.0,large,"[155.0, 437.0, 67.0, 163.0]",0.031173409894108772,0.8276701614460721,3,0.03794128820300102,0.8276701614460721
2,Japan_000004.jpg,5,2,136771.0,large,"[13.0, 364.0, 587.0, 233.0]",0.031079335138201714,0.8811399059251781,2,0.031079335138201714,0.8811399059251781
526,Japan_008557.jpg,1104,2,2090.0,medium,"[406.0, 392.0, 55.0, 38.0]",0.029522230848670006,0.22036158450326787,2,0.029522230848670006,0.22036158450326787
787,Japan_013085.jpg,1643,1,918.0,small,"[549.0, 361.0, 51.0, 18.0]",0.02930491417646408,0.7173375075638074,1,0.02930491417646408,0.7173375075638074
453,Japan_007272.jpg,953,0,15120.0,large,"[44.0, 465.0, 112.0, 135.0]",0.029183493927121162,0.034585581335278726,2,0.027899811044335365,0.2788350909886074
173,Japan_002970.jpg,365,3,34086.0,large,"[20.0, 241.0, 299.0, 114.0]",0.0276789627969265,0.06359484271405212,2,0.03063139133155346,0.28705792846270456
701,Japan_011658.jpg,1468,2,3430.0,medium,"[348.0, 450.0, 70.0, 49.0]",0.027225147932767868,0.7440066512377036,2,0.027225147932767868,0.7440066512377036
138,Japan_002464.jpg,289,1,2610.0,medium,"[203.0, 233.0, 87.0, 30.0]",0.02684517204761505,0.017163513657554707,2,0.014242849312722683,0.04260900694589762
778,Japan_012964.jpg,1621,2,38948.0,large,"[418.0, 385.0, 182.0, 214.0]",0.026421446353197098,0.884220416684212,2,0.026421446353197098,0.884220416684212
34,Japan_000626.jpg,58,0,4189.0,medium,"[371.0, 463.0, 59.0, 71.0]",0.02603946439921856,0.7342019713410757,0,0.02603946439921856,0.7342019713410757
257,Japan_004195.jpg,506,2,19320.0,large,"[200.0, 530.0, 276.0, 70.0]",0.025793664157390594,0.6228671416603351,2,0.025793664157390594,0.6228671416603351
54,Japan_000930.jpg,104,0,4745.0,medium,"[527.0, 494.0, 73.0, 65.0]",0.025337621569633484,0.8939244993103174,1,0.03463111072778702,0.8939244993103174
688,Japan_011513.jpg,1448,0,276.0,small,"[278.0, 359.0, 12.0, 23.0]",0.024903109297156334,0.06596100115362546,2,0.025614425539970398,0.06596100115362546
35,Japan_000630.jpg,62,0,768.0,small,"[232.0, 412.0, 16.0, 48.0]",0.024645688012242317,0.5716375518929873,0,0.024645688012242317,0.5716375518929873
184,Japan_003090.jpg,379,0,832.0,small,"[286.0, 414.0, 16.0, 52.0]",0.024138525128364563,0.4725705930706288,0,0.024138525128364563,0.4725705930706288
514,Japan_008371.jpg,1079,2,6767.0,medium,"[334.0, 358.0, 67.0, 101.0]",0.023190172389149666,0.6290135083774965,0,0.1756325215101242,0.6290135083774965
553,Japan_009221.jpg,1173,0,109180.0,large,"[63.0, 391.0, 530.0, 206.0]",0.022806482389569283,0.8996107079984953,2,0.7228338122367859,0.8996107079984953
158,Japan_002821.jpg,338,1,8652.0,medium,"[281.0, 343.0, 309.0, 28.0]",0.021036621183156967,0.7558720134616543,1,0.021036621183156967,0.7558720134616543
135,Japan_002421.jpg,281,2,6360.0,medium,"[232.0, 540.0, 106.0, 60.0]",0.020675648003816605,0.8375160312119574,2,0.020675648003816605,0.8375160312119574
454,Japan_007283.jpg,954,2,74074.0,large,"[127.0, 417.0, 407.0, 182.0]",0.020625848323106766,0.7334283609575516,2,0.020625848323106766,0.7334283609575516
320,Japan_005190.jpg,635,0,7080.0,medium,"[81.0, 535.0, 120.0, 59.0]",0.020208433270454407,0.6552706038100965,2,0.03660609945654869,0.6552706038100965
318,Japan_005153.jpg,633,0,43665.0,large,"[1.0, 387.0, 205.0, 213.0]",0.01892446167767048,0.8879642607686489,2,0.06118975952267647,0.8879642607686489
430,Japan_007019.jpg,884,2,6464.0,medium,"[294.0, 356.0, 101.0, 64.0]",0.018435519188642502,0.5291620709362189,2,0.018435519188642502,0.5291620709362189
88,Japan_001649.jpg,178,3,1032.0,medium,"[550.0, 549.0, 43.0, 24.0]",0.018293233588337898,0.6757522246147353,1,0.020938098430633545,0.6757522246147353
426,Japan_006930.jpg,871,1,2300.0,medium,"[299.0, 426.0, 115.0, 20.0]",0.018197618424892426,0.8549601506936727,1,0.018197618424892426,0.8549601506936727
463,Japan_007412.jpg,969,2,10488.0,large,"[484.0, 467.0, 114.0, 92.0]",0.01815016195178032,0.6170839565170737,0,0.024553151801228523,0.6170839565170737
560,Japan_009335.jpg,1183,0,1540.0,medium,"[364.0, 400.0, 35.0, 44.0]",0.017796287313103676,0.6869385600053196,1,0.020691072568297386,0.6869385600053196
289,Japan_004661.jpg,580,1,5809.0,medium,"[8.0, 562.0, 157.0, 37.0]",0.017697777599096298,0.8010833325250887,2,0.03548407182097435,0.8010833325250887
147,Japan_002671.jpg,302,2,4941.0,medium,"[299.0, 539.0, 81.0, 61.0]",0.01766229048371315,0.8661470688980321,0,0.02483641542494297,0.8661470688980321
400,Japan_006364.jpg,818,2,45580.0,large,"[1.0, 418.0, 265.0, 172.0]",0.016592632979154587,0.7316318794555188,2,0.016592632979154587,0.7316318794555188
204,Japan_003539.jpg,403,2,7866.0,medium,"[486.0, 405.0, 114.0, 69.0]",0.01604435406625271,0.5081309108925958,1,0.02833043783903122,0.5081309108925958
464,Japan_007418.jpg,973,0,4930.0,medium,"[430.0, 327.0, 85.0, 58.0]",0.014683151617646217,0.43353981108275885,0,0.014683151617646217,0.43353981108275885
9,Japan_000113.jpg,17,0,1330.0,medium,"[192.0, 550.0, 35.0, 38.0]",0.013051212765276432,0.7194558279966065,0,0.013051212765276432,0.7194558279966065
