actual_background,actual_background_cells,actual_background_fraction,actual_background_mean_energy,actual_boundary,actual_boundary_cells,actual_boundary_fraction,actual_boundary_mean_energy,actual_core,actual_core_cells,actual_core_fraction,actual_core_mean_energy,actual_total,batch,level,localization_background,localization_background_cells,localization_background_fraction,localization_background_mean_energy,localization_boundary,localization_boundary_cells,localization_boundary_fraction,localization_boundary_mean_energy,localization_core,localization_core_cells,localization_core_fraction,localization_core_mean_energy,localization_total,pure_background,pure_background_cells,pure_background_fraction,pure_background_mean_energy,pure_boundary,pure_boundary_cells,pure_boundary_fraction,pure_boundary_mean_energy,pure_core,pure_core_cells,pure_core_fraction,pure_core_mean_energy,pure_total
0.004422172176418826,6400,1.0,6.909644025654416e-07,0.0,0,0.0,0.0,0.0,0,0.0,0.0,0.004422172176418826,0,0,0.0037817445991095155,6400,1.0,5.908975936108618e-07,0.0,0,0.0,0.0,0.0,0,0.0,0.0,0.0037817445991095155,0.001961732174095232,6400,1.0,3.0652065220238e-07,0.0,0,0.0,0.0,0.0,0,0.0,0.0,0.001961732174095232
0.005159292311873287,1600,1.0,3.2245576949208045e-06,0.0,0,0.0,0.0,0.0,0,0.0,0.0,0.005159292311873287,0,1,0.030974875087849796,1600,1.0,1.935929692990612e-05,0.0,0,0.0,0.0,0.0,0,0.0,0.0,0.030974875087849796,0.0024969502264866605,1600,1.0,1.5605938915541627e-06,0.0,0,0.0,0.0,0.0,0,0.0,0.0,0.0024969502264866605
0.003421343135414645,6400,1.0,5.345848649085383e-07,0.0,0,0.0,0.0,0.0,0,0.0,0.0,0.003421343135414645,1,0,0.0020203590393066406,6400,1.0,3.156810998916626e-07,0.0,0,0.0,0.0,0.0,0,0.0,0.0,0.0020203590393066406,0.0011234073535888456,6400,1.0,1.7553239899825713e-07,0.0,0,0.0,0.0,0.0,0,0.0,0.0,0.0011234073535888456
0.005668722962582251,1600,1.0,3.5429518516139068e-06,0.0,0,0.0,0.0,0.0,0,0.0,0.0,0.005668722962582251,1,1,0.0340390563942492,1600,1.0,2.1274410246405752e-05,0.0,0,0.0,0.0,0.0,0,0.0,0.0,0.0340390563942492,0.0026062703818752198,1600,1.0,1.6289189886720123e-06,0.0,0,0.0,0.0,0.0,0,0.0,0.0,0.0026062703818752198
0.002830963596352376,4800,0.7405925105175798,5.897840825734117e-07,0.0009916021954268217,1600,0.25940748948242026,6.197513721417635e-07,0.0,0,0.0,0.0,0.0038225657917791978,2,0,0.003950229307520203,4800,0.9312682251052323,8.22964439066709e-07,0.0002915446530096233,1600,0.0687317748947677,1.8221540813101455e-07,0.0,0,0.0,0.0,0.004241773960529827,0.0010675262310542166,4800,0.7605582368331548,2.2240129813629512e-07,0.0003360825648996979,1600,0.23944176316684515,2.1005160306231118e-07,0.0,0,0.0,0.0,0.0014036087959539145
0.0009729858284117654,1200,0.33301281702166835,8.108215236764712e-07,0.0019487810786813498,400,0.6669871829783317,4.871952696703374e-06,0.0,0,0.0,0.0,0.002921766907093115,2,1,0.03712474601343274,1200,0.8881359236069817,3.0937288344527283e-05,0.004676002077758312,400,0.11186407639301836,1.1690005194395781e-05,0.0,0,0.0,0.0,0.04180074809119105,0.0003608993356465362,1200,0.2528886907425968,3.007494463721135e-07,0.0010662081185728312,400,0.7471113092574032,2.665520296432078e-06,0.0,0,0.0,0.0,0.0014271074542193674
0.0032968748128041625,6400,1.0,5.151366895006504e-07,0.0,0,0.0,0.0,0.0,0,0.0,0.0,0.0032968748128041625,3,0,0.005219436949118972,6400,1.0,8.155370232998393e-07,0.0,0,0.0,0.0,0.0,0,0.0,0.0,0.005219436949118972,0.0013256286329124123,6400,1.0,2.0712947389256443e-07,0.0,0,0.0,0.0,0.0,0,0.0,0.0,0.0013256286329124123
0.0037401932349894196,1600,1.0,2.3376207718683874e-06,0.0,0,0.0,0.0,0.0,0,0.0,0.0,0.0037401932349894196,3,1,0.12236442603170872,1600,1.0,7.647776626981795e-05,0.0,0,0.0,0.0,0.0,0,0.0,0.0,0.12236442603170872,0.001856302627857076,1600,1.0,1.1601891424106724e-06,0.0,0,0.0,0.0,0.0,0,0.0,0.0,0.001856302627857076
0.005497111822478473,4800,0.9051229027889923,1.1452316296830153e-06,0.0005762201035395265,1600,0.09487709721100772,3.6013756471220404e-07,0.0,0,0.0,0.0,0.006073331926018,4,0,0.0036715063033625484,4800,0.9636432879529583,7.648971465338642e-07,0.00013852003030478954,1600,0.03635671204704173,8.657501894049347e-08,0.0,0,0.0,0.0,0.003810026333667338,0.002553593774791807,4800,0.8806749862479872,5.319987030816265e-07,0.00034599326318129897,1600,0.11932501375201282,2.1624578948831187e-07,0.0,0,0.0,0.0,0.002899587037973106
0.005395563435740769,1200,0.6169090622527865,4.496302863117308e-06,0.0033505610190331936,400,0.3830909377472135,8.376402547582984e-06,0.0,0,0.0,0.0,0.008746124454773962,4,1,0.022181995678693056,1200,0.9746278710655321,1.848499639891088e-05,0.0005774557357653975,400,0.025372128934467893,1.4436393394134939e-06,0.0,0,0.0,0.0,0.022759451414458454,0.002810010628309101,1200,0.57797241860962,2.3416755235909175e-06,0.002051831455901265,400,0.42202758139038005,5.129578639753163e-06,0.0,0,0.0,0.0,0.004861842084210366
0.0053454049048013985,4800,0.881588731282944,1.1136260218336247e-06,0.0007179721724241972,1600,0.11841126871705593,4.487326077651232e-07,0.0,0,0.0,0.0,0.006063377077225596,5,0,0.003980916575528681,4800,0.8325511507070928,8.293576199018086e-07,0.000800671405158937,1600,0.1674488492929071,5.004196282243356e-07,0.0,0,0.0,0.0,0.004781587980687618,0.0024641860800329596,4800,0.8678050493939007,5.133721000068666e-07,0.00037537573371082544,1600,0.13219495060609932,2.346098335692659e-07,0.0,0,0.0,0.0,0.002839561813743785
0.005578361269726884,1200,0.5794472557522423,4.6486343914390695e-06,0.0040486776269972324,400,0.4205527442477577,1.0121694067493081e-05,0.0,0,0.0,0.0,0.009627038896724116,5,1,0.022018320858478546,1200,0.6742423754146997,1.834860071539879e-05,0.010638067498803139,400,0.3257576245853003,2.6595168747007848e-05,0.0,0,0.0,0.0,0.032656388357281685,0.0027007765129383188,1200,0.5363966677863686,2.2506470941152656e-06,0.0023342594504356384,400,0.4636033322136314,5.835648626089096e-06,0.0,0,0.0,0.0,0.005035035963373957
0.0026495546335354447,4800,0.4846957682597428,5.519905486532176e-07,0.0028168736025691032,1600,0.5153042317402572,1.7605460016056896e-06,0.0,0,0.0,0.0,0.005466428236104548,6,0,0.002875234727980569,4800,0.35508856872943156,5.990072349959519e-07,0.005221997853368521,1600,0.6449114312705684,3.2637486583553255e-06,0.0,0,0.0,0.0,0.00809723258134909,0.0009263378306059167,4800,0.4832906352570749,1.929870480428993e-07,0.000990392523817718,1600,0.5167093647429252,6.189953273860738e-07,0.0,0,0.0,0.0,0.0019167303544236347
0.00186387867142912,1200,0.46430473209651596,1.5532322261909333e-06,0.002150464802980423,400,0.535695267903484,5.376162007451057e-06,0.0,0,0.0,0.0,0.004014343474409543,6,1,0.021706149447709322,1200,0.21577759025417964,1.8088457873091103e-05,0.07888886332511902,400,0.7842224097458204,0.00019722215831279754,0.0,0,0.0,0.0,0.10059501277282834,0.0008921698099584319,1200,0.5384154177758962,7.434748416320265e-07,0.0007648589089512825,400,0.4615845822241038,1.9121472723782064e-06,0.0,0,0.0,0.0,0.0016570287189097144
0.002319282910320908,4800,0.8845776173294816,4.831839396501891e-07,0.0003026271006092429,1600,0.1154223826705184,1.8914193788077683e-07,0.0,0,0.0,0.0,0.0026219100109301507,7,0,0.003855769755318761,4800,0.9273754344157309,8.032853656914085e-07,0.00030195279396139085,1600,0.0726245655842691,1.887204962258693e-07,0.0,0,0.0,0.0,0.004157722549280152,0.001070512575097382,4800,0.8391425621041382,2.2302345314528794e-07,0.00020520936232060194,1600,0.16085743789586188,1.282558514503762e-07,0.0,0,0.0,0.0,0.001275721937417984
0.003505122076603584,1200,0.6201970565127278,2.92093506383632e-06,0.0021465043537318707,400,0.3798029434872722,5.366260884329677e-06,0.0,0,0.0,0.0,0.005651626430335455,7,1,0.051520274952054024,1200,0.9544760872437053,4.293356246004502e-05,0.002457269001752138,400,0.045523912756294777,6.143172504380345e-06,0.0,0,0.0,0.0,0.05397754395380616,0.0019218195593566634,1200,0.6010371787029188,1.601516299463886e-06,0.0012756857322528958,400,0.3989628212970811,3.1892143306322398e-06,0.0,0,0.0,0.0,0.003197505291609559
0.005141048721270636,6400,1.0,8.032888626985368e-07,0.0,0,0.0,0.0,0.0,0,0.0,0.0,0.005141048721270636,8,0,0.004250207741279155,6400,1.0,6.64094959574868e-07,0.0,0,0.0,0.0,0.0,0,0.0,0.0,0.004250207741279155,0.0016717313701519743,6400,1.0,2.61208026586246e-07,0.0,0,0.0,0.0,0.0,0,0.0,0.0,0.0016717313701519743
0.0019362607272341847,1600,1.0,1.2101629545213655e-06,0.0,0,0.0,0.0,0.0,0,0.0,0.0,0.0019362607272341847,8,1,0.05368715804070234,1600,1.0,3.355447377543896e-05,0.0,0,0.0,0.0,0.0,0,0.0,0.0,0.05368715804070234,0.0005722342903027311,1600,1.0,3.576464314392069e-07,0.0,0,0.0,0.0,0.0,0,0.0,0.0,0.0005722342903027311
0.004416244977619499,6400,1.0,6.900382777530467e-07,0.0,0,0.0,0.0,0.0,0,0.0,0.0,0.004416244977619499,9,0,0.005527197266928852,6400,1.0,8.636245729576331e-07,0.0,0,0.0,0.0,0.0,0,0.0,0.0,0.005527197266928852,0.0017885714187286794,6400,1.0,2.7946428417635614e-07,0.0,0,0.0,0.0,0.0,0,0.0,0.0,0.0017885714187286794
0.002045927853032481,1600,1.0,1.2787049081453006e-06,0.0,0,0.0,0.0,0.0,0,0.0,0.0,0.002045927853032481,9,1,0.0649408990284428,1600,1.0,4.058806189277675e-05,0.0,0,0.0,0.0,0.0,0,0.0,0.0,0.0649408990284428,0.000770343562180642,1600,1.0,4.814647263629012e-07,0.0,0,0.0,0.0,0.0,0,0.0,0.0,0.000770343562180642
0.00674257856735494,6400,1.0,1.0535279011492093e-06,0.0,0,0.0,0.0,0.0,0,0.0,0.0,0.00674257856735494,10,0,0.0036350140217109583,6400,1.0,5.679709408923373e-07,0.0,0,0.0,0.0,0.0,0,0.0,0.0,0.0036350140217109583,0.0033837940500234254,6400,1.0,5.287178203161602e-07,0.0,0,0.0,0.0,0.0,0,0.0,0.0,0.0033837940500234254
0.0027908502670470625,1600,1.0,1.744281416904414e-06,0.0,0,0.0,0.0,0.0,0,0.0,0.0,0.0027908502670470625,10,1,0.044175523798912764,1600,1.0,2.7609702374320478e-05,0.0,0,0.0,0.0,0.0,0,0.0,0.0,0.044175523798912764,0.0013963024430267978,1600,1.0,8.726890268917487e-07,0.0,0,0.0,0.0,0.0,0,0.0,0.0,0.0013963024430267978
0.008385803550481796,4800,0.9120089402154994,1.7470424063503742e-06,0.0008090663468465209,1600,0.0879910597845006,5.056664667790756e-07,0.0,0,0.0,0.0,0.009194869897328317,11,0,0.0019438479939708486,4800,0.48814479010193657,4.0496833207726014e-07,0.0020382655784487724,1600,0.5118552098980634,1.2739159865304827e-06,0.0,0,0.0,0.0,0.003982113572419621,0.004085085209226236,4800,0.9471650418385418,8.510594185887991e-07,0.00022787507623434067,1600,0.05283495816145827,1.4242192264646292e-07,0.0,0,0.0,0.0,0.004312960285460576
0.0027836695953737944,1200,0.7572585073928064,2.3197246628114956e-06,0.0008923136629164219,400,0.24274149260719358,2.230784157291055e-06,0.0,0,0.0,0.0,0.0036759832582902163,11,1,0.02411129407119006,1200,0.44751632455881407,2.009274505932505e-05,0.02976672723889351,400,0.5524836754411859,7.441681809723377e-05,0.0,0,0.0,0.0,0.05387802131008357,0.0012993867130717263,1200,0.8422434186143721,1.0828222608931053e-06,0.00024338190269190818,400,0.15775658138562781,6.084547567297704e-07,0.0,0,0.0,0.0,0.0015427686157636344
0.008365316374693066,6400,1.0,1.3070806835457915e-06,0.0,0,0.0,0.0,0.0,0,0.0,0.0,0.008365316374693066,12,0,0.009173815953545272,6400,1.0,1.4334087427414489e-06,0.0,0,0.0,0.0,0.0,0,0.0,0.0,0.009173815953545272,0.004326052599935792,6400,1.0,6.759457187399676e-07,0.0,0,0.0,0.0,0.0,0,0.0,0.0,0.004326052599935792
0.005308106949087232,1600,1.0,3.31756684317952e-06,0.0,0,0.0,0.0,0.0,0,0.0,0.0,0.005308106949087232,12,1,0.03986755234654993,1600,1.0,2.4917220216593705e-05,0.0,0,0.0,0.0,0.0,0,0.0,0.0,0.03986755234654993,0.0024377306399401277,1600,1.0,1.5235816499625798e-06,0.0,0,0.0,0.0,0.0,0,0.0,0.0,0.0024377306399401277
0.006156945077236742,6400,1.0,9.62022668318241e-07,0.0,0,0.0,0.0,0.0,0,0.0,0.0,0.006156945077236742,13,0,0.004225122043862939,6400,1.0,6.601753193535841e-07,0.0,0,0.0,0.0,0.0,0,0.0,0.0,0.004225122043862939,0.003262261117924936,6400,1.0,5.097282996757713e-07,0.0,0,0.0,0.0,0.0,0,0.0,0.0,0.003262261117924936
0.0030330641820910387,1600,1.0,1.8956651138068991e-06,0.0,0,0.0,0.0,0.0,0,0.0,0.0,0.0030330641820910387,13,1,0.008712099923286587,1600,1.0,5.445062452054117e-06,0.0,0,0.0,0.0,0.0,0,0.0,0.0,0.008712099923286587,0.0014156897141219815,1600,1.0,8.848060713262384e-07,0.0,0,0.0,0.0,0.0,0,0.0,0.0,0.0014156897141219815
0.003061197232455015,4800,0.7101223669953406,6.377494234281281e-07,0.0012496052077040076,1600,0.28987763300465946,7.810032548150048e-07,0.0,0,0.0,0.0,0.004310802440159023,14,0,0.0037488670786842704,4800,0.8061606223793384,7.810139747258897e-07,0.000901406048797071,1600,0.19383937762066164,5.633787804981694e-07,0.0,0,0.0,0.0,0.004650273127481341,0.001215679440065287,4800,0.7117303730537379,2.5326655001360147e-07,0.0004923823289573193,1600,0.2882696269462621,3.0773895559832454e-07,0.0,0,0.0,0.0,0.0017080617690226063
0.003180965024512261,1200,0.5876199489928171,2.650804187093551e-06,0.0022323383018374443,400,0.4123800510071829,5.580845754593611e-06,0.0,0,0.0,0.0,0.0054133033263497055,14,1,0.030018973629921675,1200,0.5067129632195128,2.501581135826806e-05,0.02922358736395836,400,0.49328703678048724,7.30589684098959e-05,0.0,0,0.0,0.0,0.059242560993880033,0.0012837505200877786,1200,0.6134401529932619,1.0697921000731488e-06,0.0008089565089903772,400,0.38655984700673807,2.022391272475943e-06,0.0,0,0.0,0.0,0.0020927070290781558
0.0071933172584977,4800,0.957058784312977,1.4986077621870208e-06,0.0,0,0.0,0.0,0.0003227490233257413,1600,0.042941215687022985,2.017181395785883e-07,0.007516066281823441,15,0,0.004859210806898773,4800,0.9794111622919209,1.0123355847705776e-06,0.0,0,0.0,0.0,0.00010214862413704395,1600,0.020588837708079073,6.384289008565247e-08,0.004961359431035817,0.0031850388404564,4800,0.9481065673238827,6.635497584284167e-07,0.0,0,0.0,0.0,0.0001743291359161958,1600,0.051893432676117325,1.0895570994762239e-07,0.003359367976372596
0.00467020453652367,1200,0.7329183471341992,3.891837113769725e-06,0.0,0,0.0,0.0,0.0017018620856106281,400,0.26708165286580077,4.25465521402657e-06,0.006372066622134298,15,1,0.014347151387482882,1200,0.9535653829554747,1.1955959489569068e-05,0.0,0,0.0,0.0,0.0006986458320170641,400,0.04643461704452534,1.7466145800426603e-06,0.015045797219499946,0.0022784636239521205,1200,0.6881524226129943,1.898719686626767e-06,0.0,0,0.0,0.0,0.0010325232287868857,400,0.3118475773870057,2.5813080719672145e-06,0.0033109868527390063
0.006447324005421251,6400,1.0,1.0073943758470705e-06,0.0,0,0.0,0.0,0.0,0,0.0,0.0,0.006447324005421251,16,0,0.008077024889644235,6400,1.0,1.2620351390069118e-06,0.0,0,0.0,0.0,0.0,0,0.0,0.0,0.008077024889644235,0.0027316801133565605,6400,1.0,4.268250177119626e-07,0.0,0,0.0,0.0,0.0,0,0.0,0.0,0.0027316801133565605
0.0017993389628827572,1600,1.0,1.1245868518017233e-06,0.0,0,0.0,0.0,0.0,0,0.0,0.0,0.0017993389628827572,16,1,0.17072964846738614,1600,1.0,0.00010670603029211634,0.0,0,0.0,0.0,0.0,0,0.0,0.0,0.17072964846738614,0.0006985996478761081,1600,1.0,4.3662477992256756e-07,0.0,0,0.0,0.0,0.0,0,0.0,0.0,0.0006985996478761081
0.006236995686776936,4800,0.906289133657842,1.2993741014118617e-06,0.0006449092761613429,1600,0.093710866342158,4.030682976008393e-07,0.0,0,0.0,0.0,0.006881904962938279,17,0,0.007986444543348625,4800,0.9663361792951508,1.6638426131976303e-06,0.0002782201918307692,1600,0.033663820704849204,1.7388761989423073e-07,0.0,0,0.0,0.0,0.008264664735179394,0.0026409860147396103,4800,0.9189524451599042,5.502054197374188e-07,0.0002329233248019591,1600,0.08104755484009589,1.4557707800122444e-07,0.0,0,0.0,0.0,0.0028739093395415694
0.0013360953744268045,1200,0.2988756164076488,1.113412812022337e-06,0.0031343107111752033,400,0.7011243835923512,7.835776777938008e-06,0.0,0,0.0,0.0,0.004470406085602008,17,1,0.02279897127300501,1200,0.8846450900511685,1.8999142727504175e-05,0.0029729134403169155,400,0.11535490994883142,7.432283600792289e-06,0.0,0,0.0,0.0,0.025771884713321924,0.00038942827814025804,1200,0.2320213934774612,3.245235651168817e-07,0.0012889871140941978,400,0.7679786065225388,3.222467785235494e-06,0.0,0,0.0,0.0,0.0016784153922344558
0.004290523880627006,6400,1.0,6.703943563479697e-07,0.0,0,0.0,0.0,0.0,0,0.0,0.0,0.004290523880627006,18,0,0.007288522261660546,6400,1.0,1.1388316033844604e-06,0.0,0,0.0,0.0,0.0,0,0.0,0.0,0.007288522261660546,0.0018889076745836064,6400,1.0,2.951418241536885e-07,0.0,0,0.0,0.0,0.0,0,0.0,0.0,0.0018889076745836064
0.005368542857468128,1600,1.0,3.35533928591758e-06,0.0,0,0.0,0.0,0.0,0,0.0,0.0,0.005368542857468128,18,1,0.10869272612035275,1600,1.0,6.793295382522047e-05,0.0,0,0.0,0.0,0.0,0,0.0,0.0,0.10869272612035275,0.0026169950870098546,1600,1.0,1.6356219293811592e-06,0.0,0,0.0,0.0,0.0,0,0.0,0.0,0.0026169950870098546
0.00684639165410772,6400,1.0,1.069748695954331e-06,0.0,0,0.0,0.0,0.0,0,0.0,0.0,0.00684639165410772,19,0,0.004039979379740544,6400,1.0,6.312467780844599e-07,0.0,0,0.0,0.0,0.0,0,0.0,0.0,0.004039979379740544,0.0037558194890152663,6400,1.0,5.868467951586354e-07,0.0,0,0.0,0.0,0.0,0,0.0,0.0,0.0037558194890152663
0.0034804994911610265,1600,1.0,2.1753121819756415e-06,0.0,0,0.0,0.0,0.0,0,0.0,0.0,0.0034804994911610265,19,1,0.02786939860379789,1600,1.0,1.7418374127373682e-05,0.0,0,0.0,0.0,0.0,0,0.0,0.0,0.02786939860379789,0.0018282376486240537,1600,1.0,1.1426485303900336e-06,0.0,0,0.0,0.0,0.0,0,0.0,0.0,0.0018282376486240537
0.006001949586789124,4800,0.9296531687994134,1.2504061639144008e-06,0.00045416736975312233,1600,0.0703468312005866,2.8385460609570146e-07,0.0,0,0.0,0.0,0.006456116956542246,20,0,0.006355595774948597,4800,0.8375161776060758,1.324082453114291e-06,0.0012330287136137486,1600,0.16248382239392428,7.706429460085928e-07,0.0,0,0.0,0.0,0.0075886244885623455,0.0025805858458625153,4800,0.9417741977403836,5.376220512213573e-07,0.0001595463982084766,1600,0.05822580225961643,9.971649888029787e-08,0.0,0,0.0,0.0,0.002740132244070992
0.0024722476373426616,1200,0.696030130432281,2.060206364452218e-06,0.0010796785354614258,400,0.303969869567719,2.6991963386535642e-06,0.0,0,0.0,0.0,0.0035519261728040874,20,1,0.03923172829672694,1200,0.7865600018313654,3.269310691393912e-05,0.010645875707268715,400,0.2134399981686346,2.6614689268171788e-05,0.0,0,0.0,0.0,0.04987760400399566,0.00105195096693933,1200,0.750128121364127,8.766258057827751e-07,0.00035041075898334384,400,0.24987187863587304,8.760268974583596e-07,0.0,0,0.0,0.0,0.001402361725922674
0.005276379262795672,6400,1.0,8.244342598118238e-07,0.0,0,0.0,0.0,0.0,0,0.0,0.0,0.005276379262795672,21,0,0.003597575894673355,6400,1.0,5.621212335427117e-07,0.0,0,0.0,0.0,0.0,0,0.0,0.0,0.003597575894673355,0.0021852213467354886,6400,1.0,3.414408354274201e-07,0.0,0,0.0,0.0,0.0,0,0.0,0.0,0.0021852213467354886
0.005879302800167352,1600,1.0,3.674564250104595e-06,0.0,0,0.0,0.0,0.0,0,0.0,0.0,0.005879302800167352,21,1,0.028434517167625017,1600,1.0,1.7771573229765636e-05,0.0,0,0.0,0.0,0.0,0,0.0,0.0,0.028434517167625017,0.002898591264965944,1600,1.0,1.811619540603715e-06,0.0,0,0.0,0.0,0.0,0,0.0,0.0,0.002898591264965944
0.015574970107991248,6400,1.0,2.4335890793736328e-06,0.0,0,0.0,0.0,0.0,0,0.0,0.0,0.015574970107991248,22,0,0.0028120233328081667,6400,1.0,4.3937864575127605e-07,0.0,0,0.0,0.0,0.0,0,0.0,0.0,0.0028120233328081667,0.007031807646853849,6400,1.0,1.098719944820914e-06,0.0,0,0.0,0.0,0.0,0,0.0,0.0,0.007031807646853849
0.021023782981501427,1600,1.0,1.3139864363438391e-05,0.0,0,0.0,0.0,0.0,0,0.0,0.0,0.021023782981501427,22,1,0.01216873712837696,1600,1.0,7.605460705235601e-06,0.0,0,0.0,0.0,0.0,0,0.0,0.0,0.01216873712837696,0.009879886333692411,1600,1.0,6.174928958557757e-06,0.0,0,0.0,0.0,0.0,0,0.0,0.0,0.009879886333692411
0.005582619793131016,6400,1.0,8.722843426767213e-07,0.0,0,0.0,0.0,0.0,0,0.0,0.0,0.005582619793131016,23,0,0.006614358351271221,6400,1.0,1.0334934923861283e-06,0.0,0,0.0,0.0,0.0,0,0.0,0.0,0.006614358351271221,0.002583960347692482,6400,1.0,4.0374380432695035e-07,0.0,0,0.0,0.0,0.0,0,0.0,0.0,0.002583960347692482
0.004062871230416931,1600,1.0,2.539294519010582e-06,0.0,0,0.0,0.0,0.0,0,0.0,0.0,0.004062871230416931,23,1,0.023155998247602838,1600,1.0,1.4472498904751773e-05,0.0,0,0.0,0.0,0.0,0,0.0,0.0,0.023155998247602838,0.0024027607360039838,1600,1.0,1.5017254600024898e-06,0.0,0,0.0,0.0,0.0,0,0.0,0.0,0.0024027607360039838
0.005926195881329477,4800,0.947643780985621,1.234624141943641e-06,0.0003274154441896826,1600,0.052356219014379084,2.0463465261855162e-07,0.0,0,0.0,0.0,0.0062536113255191594,24,0,0.004191286279819906,4800,0.8798748966687786,8.73184641629147e-07,0.0005722162313759327,1600,0.1201251033312214,3.5763514460995793e-07,0.0,0,0.0,0.0,0.0047635025111958385,0.0027492623776197433,4800,0.9622458170879414,5.727629953374466e-07,0.00010786864731926471,1600,0.03775418291205858,6.741790457454045e-08,0.0,0,0.0,0.0,0.002857131024939008
0.004046965361339971,1200,0.7785036643024106,3.372471134449976e-06,0.0011514242505654693,400,0.22149633569758945,2.878560626413673e-06,0.0,0,0.0,0.0,0.005198389611905441,24,1,0.04374399734660983,1200,0.845779014854716,3.645333112217486e-05,0.007976365275681019,400,0.15422098514528398,1.994091318920255e-05,0.0,0,0.0,0.0,0.05172036262229085,0.001903989934362471,1200,0.8501130502313736,1.5866582786353925e-06,0.0003357003442943096,400,0.14988694976862635,8.39250860735774e-07,0.0,0,0.0,0.0,0.0022396902786567807
0.014676698949187994,4800,0.9603392811905055,3.0576456144141655e-06,0.000606127898208797,1600,0.03966071880949447,3.788299363804981e-07,0.0,0,0.0,0.0,0.015282826847396791,25,0,0.006282190617639571,4800,0.6293463213366922,1.308789712008244e-06,0.003699897788465023,1600,0.37065367866330784,2.3124361177906393e-06,0.0,0,0.0,0.0,0.009982088406104594,0.009385093464516103,4800,0.9750215722101709,1.9552278051075214e-06,0.00024043045414146036,1600,0.024978427789829057,1.5026903383841271e-07,0.0,0,0.0,0.0,0.009625523918657564
0.008688727160915732,1200,0.7062300373451565,7.240605967429777e-06,0.003614243119955063,400,0.2937699626548435,9.035607799887657e-06,0.0,0,0.0,0.0,0.012302970280870795,25,1,0.06709711618168512,1200,0.5773960300057398,5.59142634847376e-05,0.049109287559986115,400,0.42260396999426014,0.00012277321889996528,0.0,0,0.0,0.0,0.11620640374167124,0.005247724358923733,1200,0.7997390207421401,4.373103632436444e-06,0.0013140717055648565,400,0.20026097925785996,3.285179263912141e-06,0.0,0,0.0,0.0,0.00656179606448859
0.005942057468928397,4800,0.9477038884712176,1.2379286393600827e-06,0.00032789408578537405,1600,0.05229611152878241,2.0493380361585878e-07,0.0,0,0.0,0.0,0.006269951554713771,26,0,0.004131008172407746,4800,0.8847917757485286,8.606267025849471e-07,0.0005378961795940995,1600,0.11520822425147142,3.361851122463122e-07,0.0,0,0.0,0.0,0.004668904352001846,0.002274759754072875,4800,0.9348433943567455,4.739082820985156e-07,0.00015854593948461115,1600,0.06515660564325457,9.909121217788197e-08,0.0,0,0.0,0.0,0.002433305693557486
0.005699111978174187,1200,0.6837841311477594,4.749259981811823e-06,0.002635553479194641,400,0.31621586885224057,6.588883697986603e-06,0.0,0,0.0,0.0,0.008334665457368828,26,1,0.057608850416727364,1200,0.8994963133359615,4.8007375347272804e-05,0.006436826661229134,400,0.10050368666403851,1.6092066653072833e-05,0.0,0,0.0,0.0,0.0640456770779565,0.0029957534752611537,1200,0.6803794215303042,2.4964612293842946e-06,0.0014073095517233014,400,0.3196205784696958,3.5182738793082536e-06,0.0,0,0.0,0.0,0.004403063026984455
0.009214584046276286,6400,1.0,1.4397787572306698e-06,0.0,0,0.0,0.0,0.0,0,0.0,0.0,0.009214584046276286,27,0,0.009570873924531043,6400,1.0,1.4954490507079755e-06,0.0,0,0.0,0.0,0.0,0,0.0,0.0,0.009570873924531043,0.004310299427743303,6400,1.0,6.73484285584891e-07,0.0,0,0.0,0.0,0.0,0,0.0,0.0,0.004310299427743303
0.015036339529615361,1600,1.0,9.397712206009601e-06,0.0,0,0.0,0.0,0.0,0,0.0,0.0,0.015036339529615361,27,1,0.04458301980048418,1600,1.0,2.7864387375302614e-05,0.0,0,0.0,0.0,0.0,0,0.0,0.0,0.04458301980048418,0.007427410146192415,1600,1.0,4.642131341370259e-06,0.0,0,0.0,0.0,0.0,0,0.0,0.0,0.007427410146192415
0.012592565966770053,6400,1.0,1.9675884323078206e-06,0.0,0,0.0,0.0,0.0,0,0.0,0.0,0.012592565966770053,28,0,0.009337226278148592,6400,1.0,1.4589416059607174e-06,0.0,0,0.0,0.0,0.0,0,0.0,0.0,0.009337226278148592,0.005410846788436174,6400,1.0,8.454448106931523e-07,0.0,0,0.0,0.0,0.0,0,0.0,0.0,0.005410846788436174
0.015674517810111865,1600,1.0,9.796573631319915e-06,0.0,0,0.0,0.0,0.0,0,0.0,0.0,0.015674517810111865,28,1,0.3025931138545275,1600,1.0,0.00018912069615907966,0.0,0,0.0,0.0,0.0,0,0.0,0.0,0.3025931138545275,0.006391535931470571,1600,1.0,3.994709957169107e-06,0.0,0,0.0,0.0,0.0,0,0.0,0.0,0.006391535931470571
0.02411534357815981,6400,1.0,3.76802243408747e-06,0.0,0,0.0,0.0,0.0,0,0.0,0.0,0.02411534357815981,29,0,0.00802709189883899,6400,1.0,1.254233109193592e-06,0.0,0,0.0,0.0,0.0,0,0.0,0.0,0.00802709189883899,0.01434459030861035,6400,1.0,2.2413422357203673e-06,0.0,0,0.0,0.0,0.0,0,0.0,0.0,0.01434459030861035
0.016308307298459113,1600,1.0,1.0192692061536945e-05,0.0,0,0.0,0.0,0.0,0,0.0,0.0,0.016308307298459113,29,1,0.10244985576719046,1600,1.0,6.403115985449403e-05,0.0,0,0.0,0.0,0.0,0,0.0,0.0,0.10244985576719046,0.009744110458996147,1600,1.0,6.090069036872592e-06,0.0,0,0.0,0.0,0.0,0,0.0,0.0,0.009744110458996147
0.0029604282754007727,6400,1.0,4.6256691803137075e-07,0.0,0,0.0,0.0,0.0,0,0.0,0.0,0.0029604282754007727,30,0,0.0036962106241844594,6400,1.0,5.775329100288218e-07,0.0,0,0.0,0.0,0.0,0,0.0,0.0,0.0036962106241844594,0.001140796986874193,6400,1.0,1.7824952919909264e-07,0.0,0,0.0,0.0,0.0,0,0.0,0.0,0.001140796986874193
0.0038040232320781797,1600,1.0,2.377514520048862e-06,0.0,0,0.0,0.0,0.0,0,0.0,0.0,0.0038040232320781797,30,1,0.023084870423190296,1600,1.0,1.4428044014493935e-05,0.0,0,0.0,0.0,0.0,0,0.0,0.0,0.023084870423190296,0.001590751031471882,1600,1.0,9.942193946699262e-07,0.0,0,0.0,0.0,0.0,0,0.0,0.0,0.001590751031471882
0.004226203367579728,6400,1.0,6.603442761843325e-07,0.0,0,0.0,0.0,0.0,0,0.0,0.0,0.004226203367579728,31,0,0.0055709765874780715,6400,1.0,8.704650917934487e-07,0.0,0,0.0,0.0,0.0,0,0.0,0.0,0.0055709765874780715,0.0021835606457898393,6400,1.0,3.411813509046624e-07,0.0,0,0.0,0.0,0.0,0,0.0,0.0,0.0021835606457898393
0.0033719342900440097,1600,1.0,2.107458931277506e-06,0.0,0,0.0,0.0,0.0,0,0.0,0.0,0.0033719342900440097,31,1,0.022287650499492884,1600,1.0,1.3929781562183053e-05,0.0,0,0.0,0.0,0.0,0,0.0,0.0,0.022287650499492884,0.0016374412371078506,1600,1.0,1.0234007731924067e-06,0.0,0,0.0,0.0,0.0,0,0.0,0.0,0.0016374412371078506
0.006024693895597011,6400,1.0,9.41358421187033e-07,0.0,0,0.0,0.0,0.0,0,0.0,0.0,0.006024693895597011,32,0,0.004298866027966142,6400,1.0,6.716978168697097e-07,0.0,0,0.0,0.0,0.0,0,0.0,0.0,0.004298866027966142,0.0020849586580879986,6400,1.0,3.2577479032624977e-07,0.0,0,0.0,0.0,0.0,0,0.0,0.0,0.0020849586580879986
0.0012706861161859706,1600,1.0,7.941788226162316e-07,0.0,0,0.0,0.0,0.0,0,0.0,0.0,0.0012706861161859706,32,1,0.11663128071813844,1600,1.0,7.289455044883652e-05,0.0,0,0.0,0.0,0.0,0,0.0,0.0,0.11663128071813844,0.00042429105087649077,1600,1.0,2.6518190679780676e-07,0.0,0,0.0,0.0,0.0,0,0.0,0.0,0.00042429105087649077
0.005440046777948737,4800,0.786632532425481,1.1333430787393202e-06,0.0014755669981241226,1600,0.21336746757451897,9.222293738275767e-07,0.0,0,0.0,0.0,0.00691561377607286,33,0,0.00673752831062302,4800,0.8307660119368199,1.4036517313797957e-06,0.0013724908931180835,1600,0.16923398806318013,8.578068081988022e-07,0.0,0,0.0,0.0,0.008110019203741103,0.0019376169657334685,4800,0.8258256738830433,4.036702011944726e-07,0.00040866146446205676,1600,0.17417432611695674,2.554134152887855e-07,0.0,0,0.0,0.0,0.0023462784301955253
0.002926618151832372,1200,0.48759199533197223,2.43884845986031e-06,0.0030755684711039066,400,0.5124080046680278,7.688921177759767e-06,0.0,0,0.0,0.0,0.006002186622936279,33,1,0.11199314426630735,1200,0.9689337733585989,9.33276202219228e-05,0.003590755630284548,400,0.031066226641401157,8.97688907571137e-06,0.0,0,0.0,0.0,0.1155838998965919,0.0010290889913449064,1200,0.525326087201175,8.575741594540887e-07,0.0009298637742176652,400,0.474673912798825,2.324659435544163e-06,0.0,0,0.0,0.0,0.0019589527655625716
0.0017561061540618539,3200,0.5108655553209971,5.487831731443293e-07,4.059586353832856e-05,1600,0.011809666700543413,2.537241471145535e-08,0.0016408093506470323,1600,0.4773247779784595,1.0255058441543952e-06,0.0034375113682472147,34,0,0.0005612619788735174,3200,0.21407923336141357,1.7539436839797417e-07,0.00040023462497629225,1600,0.15265940844877054,2.5014664061018267e-07,0.0016602522227913141,1600,0.6332613581898159,1.0376576392445712e-06,0.0026217488266411237,0.0008358485210919753,3200,0.6371525578670822,2.6120266284124226e-07,1.443081237084698e-05,1600,0.011000353272352473,9.019257731779362e-09,0.0004615705693140626,1600,0.3518470888605653,2.884816058212891e-07,0.0013118499027768848
0.0022073949221521616,800,0.12392936502959899,2.759243652690202e-06,0.00046406732872128487,400,0.026054046243496158,1.1601683218032122e-06,0.01514025591313839,400,0.8500165887269049,3.7850639782845976e-05,0.017811718164011836,34,1,0.00800549830091768,800,0.21299747836586194,1.00068728761471e-05,0.009244177490472794,400,0.2459542705557079,2.3110443726181985e-05,0.02033526822924614,400,0.5410482510784301,5.083817057311535e-05,0.03758494402063661,0.0010732553200796247,800,0.23689359699025006,1.3415691500995307e-06,0.00015982026525307447,400,0.035276226261732234,3.9955066313268615e-07,0.0032974618952721357,400,0.7278301767480176,8.24365473818034e-06,0.004530537480604835
0.002350388080230914,3200,0.44206711517794367,7.344962750721606e-07,0.002567451912909746,1600,0.48289304649068754,1.6046574455685914e-06,0.00039897277019917965,1600,0.07503983833136878,2.493579813744873e-07,0.00531681276333984,35,0,0.001623753982130438,3200,0.3553604730564122,5.074231194157619e-07,0.002653025556355715,1600,0.5806177703720534,1.6581409727223218e-06,0.00029253558022901416,1600,0.06402175657153439,1.8283473764313386e-07,0.004569315118715167,0.0009988395613618195,3200,0.45655856252454247,3.1213736292556857e-07,0.0008762085344642401,1600,0.40050527075771164,5.476303340401501e-07,0.0003127097152173519,1600,0.1429361667177459,1.9544357201084496e-07,0.0021877578110434115
0.0034469596575945616,800,0.45886964376305817,4.308699571993202e-06,0.001591148437000811,400,0.21181846873433535,3.977871092502027e-06,0.002473741304129362,400,0.3293118875026065,6.1843532603234055e-06,0.007511849398724735,35,1,0.016410030890256166,800,0.2531633263291304,2.0512538612820207e-05,0.04729369655251503,400,0.7296165140520542,0.00011823424138128758,0.001116209663450718,400,0.01722015961881542,2.7905241586267946e-06,0.06481993710622191,0.0015606035885866731,800,0.4315765529795831,1.9507544857333416e-06,0.00037557282485067844,400,0.10386265053295975,9.389320621266961e-07,0.0016798763535916805,400,0.4645607964874572,4.199690883979201e-06,0.003616052767029032
0.003506373177515343,6400,1.0,5.478708089867723e-07,0.0,0,0.0,0.0,0.0,0,0.0,0.0,0.003506373177515343,36,0,0.0024256632332253503,6400,1.0,3.79009880191461e-07,0.0,0,0.0,0.0,0.0,0,0.0,0.0,0.0024256632332253503,0.0017189571153721772,6400,1.0,2.685870492769027e-07,0.0,0,0.0,0.0,0.0,0,0.0,0.0,0.0017189571153721772
0.004320350912166759,1600,1.0,2.7002193201042246e-06,0.0,0,0.0,0.0,0.0,0,0.0,0.0,0.004320350912166759,36,1,0.009627102030208334,1600,1.0,6.016938768880209e-06,0.0,0,0.0,0.0,0.0,0,0.0,0.0,0.009627102030208334,0.0022059133771108463,1600,1.0,1.3786958606942789e-06,0.0,0,0.0,0.0,0.0,0,0.0,0.0,0.0022059133771108463
0.007762495486531407,4800,0.9227797136710818,1.6171865596940431e-06,0.0006495831185020506,1600,0.07722028632891824,4.0598944906378164e-07,0.0,0,0.0,0.0,0.008412078605033457,37,0,0.0040514527063351125,4800,0.9512427760956726,8.440526471531484e-07,0.00020766264060512185,1600,0.048757223904327344,1.2978915037820115e-07,0.0,0,0.0,0.0,0.004259115346940234,0.0036193549167364836,4800,0.8858594423289385,7.540322743201007e-07,0.0004663439467549324,1600,0.1141405576710615,2.9146496672183275e-07,0.0,0,0.0,0.0,0.004085698863491416
0.0059012750862166286,1200,0.6859581481575353,4.9177292385138575e-06,0.002701691584661603,400,0.31404185184246464,6.754228961654008e-06,0.0,0,0.0,0.0,0.008602966670878232,37,1,0.04627227643504739,1200,0.9778985594077925,3.856023036253949e-05,0.0010457976022735238,400,0.02210144059220749,2.6144940056838096e-06,0.0,0,0.0,0.0,0.04731807403732091,0.0023596883984282613,1200,0.5716127733213876,1.9664069986902176e-06,0.0017684355843812227,400,0.4283872266786124,4.4210889609530566e-06,0.0,0,0.0,0.0,0.004128123982809484
0.004682092578150332,6400,1.0,7.315769653359894e-07,0.0,0,0.0,0.0,0.0,0,0.0,0.0,0.004682092578150332,38,0,0.0026834129821509123,6400,1.0,4.1928327846108007e-07,0.0,0,0.0,0.0,0.0,0,0.0,0.0,0.0026834129821509123,0.002288370407768525,6400,1.0,3.5755787621383204e-07,0.0,0,0.0,0.0,0.0,0,0.0,0.0,0.002288370407768525
0.009233381948433816,1600,1.0,5.770863717771135e-06,0.0,0,0.0,0.0,0.0,0,0.0,0.0,0.009233381948433816,38,1,0.02383298793574795,1600,1.0,1.489561745984247e-05,0.0,0,0.0,0.0,0.0,0,0.0,0.0,0.02383298793574795,0.005177329294383526,1600,1.0,3.2358308089897037e-06,0.0,0,0.0,0.0,0.0,0,0.0,0.0,0.005177329294383526
0.004898027749732137,4800,0.9088871370909486,1.0204224478608618e-06,0.0004910107236355543,1600,0.09111286290905145,3.0688170227222145e-07,0.0,0,0.0,0.0,0.005389038473367691,39,0,0.006930449657374993,4800,0.9298697568144432,1.4438436786197902e-06,0.0005226905341260135,1600,0.07013024318555687,3.2668158382875846e-07,0.0,0,0.0,0.0,0.0074531401915010065,0.002009484509471804,4800,0.8986581741734362,4.1864260613995914e-07,0.00022660988906864077,1600,0.10134182582656384,1.4163118066790048e-07,0.0,0,0.0,0.0,0.0022360943985404447
0.008805778168607503,1200,0.7471456760233122,7.338148473839586e-06,0.0029801137279719114,400,0.25285432397668783,7.450284319929779e-06,0.0,0,0.0,0.0,0.011785891896579415,39,1,0.018104798160493374,1200,0.6834335210689557,1.5087331800411144e-05,0.008386144414544106,400,0.3165664789310443,2.0965361036360262e-05,0.0,0,0.0,0.0,0.02649094257503748,0.004624272231012583,1200,0.7763456872316019,3.853560192510486e-06,0.0013321880251169205,400,0.2236543127683981,3.3304700627923012e-06,0.0,0,0.0,0.0,0.005956460256129503
0.005185252957744524,6400,1.0,8.101957746475819e-07,0.0,0,0.0,0.0,0.0,0,0.0,0.0,0.005185252957744524,40,0,0.0025414596893824637,6400,1.0,3.9710307646600996e-07,0.0,0,0.0,0.0,0.0,0,0.0,0.0,0.0025414596893824637,0.002179320108552929,6400,1.0,3.4051876696139516e-07,0.0,0,0.0,0.0,0.0,0,0.0,0.0,0.002179320108552929
0.0020712475379696116,1600,1.0,1.2945297112310072e-06,0.0,0,0.0,0.0,0.0,0,0.0,0.0,0.0020712475379696116,40,1,0.02069674019003287,1600,1.0,1.2935462618770544e-05,0.0,0,0.0,0.0,0.0,0,0.0,0.0,0.02069674019003287,0.001003478784696199,1600,1.0,6.271742404351244e-07,0.0,0,0.0,0.0,0.0,0,0.0,0.0,0.001003478784696199
0.005653932457789779,4800,0.7034225152745237,1.1779025953728706e-06,0.0,0,0.0,0.0,0.0023838148918002844,1600,0.2965774847254763,1.4898843073751778e-06,0.008037747349590063,41,0,0.004680204670876265,4800,0.9284144852434268,9.750426397658884e-07,0.0,0,0.0,0.0,0.00036086776526644826,1600,0.07158551475657314,2.2554235329153016e-07,0.005041072436142713,0.002082015504129231,4800,0.6275189835052372,4.337532300269231e-07,0.0,0,0.0,0.0,0.0012358371168375015,1600,0.37248101649476284,7.723981980234385e-07,0.0033178526209667325
0.0009056271373992786,1200,0.09059984418553883,7.546892811660655e-07,0.0,0,0.0,0.0,0.009090274572372437,400,0.9094001558144612,2.2725686430931092e-05,0.009995901709771715,41,1,0.08083150000311434,1200,0.9608258615618877,6.735958333592862e-05,0.0,0,0.0,0.0,0.0032956069335341454,400,0.0391741384381123,8.239017333835363e-06,0.08412710693664849,0.0003072148174396716,1200,0.04537757542089542,2.56012347866393e-07,0.0,0,0.0,0.0,0.006462975405156612,400,0.9546224245791046,1.615743851289153e-05,0.006770190222596284
0.0049190669087693095,6400,1.0,7.686042044952046e-07,0.0,0,0.0,0.0,0.0,0,0.0,0.0,0.0049190669087693095,42,0,0.004229569429298863,6400,1.0,6.608702233279473e-07,0.0,0,0.0,0.0,0.0,0,0.0,0.0,0.004229569429298863,0.0018840679404092953,6400,1.0,2.9438561568895236e-07,0.0,0,0.0,0.0,0.0,0,0.0,0.0,0.0018840679404092953
0.008274903957499191,1600,1.0,5.171814973436995e-06,0.0,0,0.0,0.0,0.0,0,0.0,0.0,0.008274903957499191,42,1,0.033400947228074074,1600,1.0,2.0875592017546296e-05,0.0,0,0.0,0.0,0.0,0,0.0,0.0,0.033400947228074074,0.003651209899544483,1600,1.0,2.282006187215302e-06,0.0,0,0.0,0.0,0.0,0,0.0,0.0,0.003651209899544483
0.0026946481957565993,6400,1.0,4.210387805869686e-07,0.0,0,0.0,0.0,0.0,0,0.0,0.0,0.0026946481957565993,43,0,0.0036868478055112064,6400,1.0,5.76069969611126e-07,0.0,0,0.0,0.0,0.0,0,0.0,0.0,0.0036868478055112064,0.001176421661511995,6400,1.0,1.8381588461124922e-07,0.0,0,0.0,0.0,0.0,0,0.0,0.0,0.001176421661511995
0.0023363426071227877,1600,1.0,1.4602141294517423e-06,0.0,0,0.0,0.0,0.0,0,0.0,0.0,0.0023363426071227877,43,1,0.03815961442887783,1600,1.0,2.3849759018048644e-05,0.0,0,0.0,0.0,0.0,0,0.0,0.0,0.03815961442887783,0.0011418457047511765,1600,1.0,7.136535654694853e-07,0.0,0,0.0,0.0,0.0,0,0.0,0.0,0.0011418457047511765
0.004468376806471497,4800,0.9183437693286449,9.309118346815619e-07,0.00039731396827846766,1600,0.0816562306713551,2.483212301740423e-07,0.0,0,0.0,0.0,0.0048656907747499645,44,0,0.0006676725388388149,4800,0.5308305080218972,1.3909844559141978e-07,0.0005901160184293985,1600,0.46916949197810276,3.688225115183741e-07,0.0,0,0.0,0.0,0.0012577885572682135,0.0017171849613077939,4800,0.9023472848587555,3.5774686693912374e-07,0.00018583507335279137,1600,0.0976527151412445,1.161469208454946e-07,0.0,0,0.0,0.0,0.0019030200346605852
0.040616019745357335,1200,0.9614425254786961,3.3846683121131115e-05,0.0016288557089865208,400,0.038557474521303925,4.072139272466302e-06,0.0,0,0.0,0.0,0.042244875454343855,44,1,0.005727380281314254,1200,0.5851749497208985,4.772816901095211e-06,0.004060086328536272,400,0.41482505027910155,1.015021582134068e-05,0.0,0,0.0,0.0,0.009787466609850526,0.015515146951656789,1200,0.9420800125936681,1.2929289126380656e-05,0.000953886192291975,400,0.0579199874063319,2.3847154807299375e-06,0.0,0,0.0,0.0,0.016469033143948764
0.009591851267032325,6400,1.0,1.4987267604738008e-06,0.0,0,0.0,0.0,0.0,0,0.0,0.0,0.009591851267032325,45,0,0.004282299662008882,6400,1.0,6.691093221888877e-07,0.0,0,0.0,0.0,0.0,0,0.0,0.0,0.004282299662008882,0.0034545256930869073,6400,1.0,5.397696395448293e-07,0.0,0,0.0,0.0,0.0,0,0.0,0.0,0.0034545256930869073
0.007736648421996506,1600,1.0,4.835405263747816e-06,0.0,0,0.0,0.0,0.0,0,0.0,0.0,0.007736648421996506,45,1,0.04284106648992747,1600,1.0,2.6775666556204668e-05,0.0,0,0.0,0.0,0.0,0,0.0,0.0,0.04284106648992747,0.003549934244801989,1600,1.0,2.218708903001243e-06,0.0,0,0.0,0.0,0.0,0,0.0,0.0,0.003549934244801989
0.004209125007037073,4800,0.8043362326702196,8.769010431327236e-07,0.0010239166440442204,1600,0.19566376732978047,6.399479025276378e-07,0.0,0,0.0,0.0,0.005233041651081294,46,0,0.0034248478041263297,4800,0.7319809994257422,7.135099591929854e-07,0.0012540274765342474,1600,0.2680190005742577,7.837671728339046e-07,0.0,0,0.0,0.0,0.004678875280660577,0.0023626844049431384,4800,0.8571427032920775,4.922259176964872e-07,0.0003937812289223075,1600,0.14285729670792244,2.461132680764422e-07,0.0,0,0.0,0.0,0.002756465633865446
0.0008551364880986512,1200,0.6335867182864168,7.126137400822094e-07,0.000494539039209485,400,0.36641328171358317,1.2363475980237127e-06,0.0,0,0.0,0.0,0.0013496755273081362,46,1,0.021594186378933955,1200,0.6493236048127529,1.7995155315778294e-05,0.011662245728075504,400,0.3506763951872472,2.915561432018876e-05,0.0,0,0.0,0.0,0.03325643210700946,0.00038943555591686163,1200,0.6656475156103278,3.2452962993071804e-07,0.00019561215594876558,400,0.33435248438967224,4.890303898719139e-07,0.0,0,0.0,0.0,0.0005850477118656272
0.0021921324369031936,4800,0.49843724134886985,4.5669425768816533e-07,0.002205878496170044,1600,0.5015627586511302,1.3786740601062774e-06,0.0,0,0.0,0.0,0.0043980109330732375,47,0,0.0018447750626364723,4800,0.6115811311083439,3.8432813804926505e-07,0.0011716277804225683,1600,0.38841886889165617,7.322673627641052e-07,0.0,0,0.0,0.0,0.0030164028430590406,0.0008307469252031296,4800,0.473747465873806,1.7307227608398535e-07,0.0009228179696947336,1600,0.526252534126194,5.767612310592086e-07,0.0,0,0.0,0.0,0.0017535648948978633
0.0038501631934195757,1200,0.5646070386976981,3.2084693278496466e-06,0.002969027729704976,400,0.4353929613023019,7.4225693242624404e-06,0.0,0,0.0,0.0,0.006819190923124552,47,1,0.03449055680539459,1200,0.9139588720766152,2.8742130671162157e-05,0.0032469802536070347,400,0.08604112792338484,8.117450634017586e-06,0.0,0,0.0,0.0,0.037737537059001625,0.0018263083620695397,1200,0.5151677304561407,1.5219236350579498e-06,0.0017187668709084392,400,0.4848322695438593,4.296917177271098e-06,0.0,0,0.0,0.0,0.003545075232977979
0.0026450753211975098,4800,0.4566611151612054,5.510573585828146e-07,0.0031471308320760727,1600,0.5433388848387947,1.9669567700475453e-06,0.0,0,0.0,0.0,0.0057922061532735825,48,0,0.0018289021973032504,4800,0.5105510366723336,3.8102129110484386e-07,0.0017533100908622146,1600,0.4894489633276664,1.0958188067888841e-06,0.0,0,0.0,0.0,0.003582212288165465,0.0010529731516726315,4800,0.5021577447231002,2.193694065984649e-07,0.0010439240140840411,1600,0.4978422552768998,6.524525088025257e-07,0.0,0,0.0,0.0,0.0020968971657566726
0.005565794614085462,1200,0.7493666043855104,4.638162178404552e-06,0.0018615374574437737,400,0.2506333956144896,4.6538436436094345e-06,0.0,0,0.0,0.0,0.007427332071529236,48,1,0.018401422770693898,1200,0.43658311845104336,1.533451897557825e-05,0.02374730445444584,400,0.5634168815489566,5.9368261136114595e-05,0.0,0,0.0,0.0,0.04214872722513974,0.00287180262421316,1200,0.8220611283423842,2.3931688535109665e-06,0.0006216147448867559,400,0.17793887165761585,1.55403686221689e-06,0.0,0,0.0,0.0,0.003493417369099916
0.001393930011545308,3200,0.32197067476319147,4.3560312860790874e-07,0.0021759909577667713,1600,0.5026115164663691,1.3599943486042322e-06,0.0007594485068693757,1600,0.17541780877043936,4.746553167933598e-07,0.004329369476181455,49,0,0.0012111963151255623,3200,0.34557710760370053,3.784988484767382e-07,0.00223998399451375,1600,0.6391095978709258,1.3999899965710938e-06,5.367081757867709e-05,1600,0.015313294525373703,3.354426098667318e-08,0.0035048511272179894,0.0006731874454999343,3200,0.3425257143497711,2.1037107671872946e-07,0.0010279162088409066,1600,0.5230158941295562,6.424476305255667e-07,0.0002642595791257918,1600,0.1344583915206727,1.6516223695361986e-07,0.0019653632334666327
0.0012151779083069414,800,0.2152672848735304,1.5189723853836768e-06,0.002930352231487632,400,0.519108325030624,7.325880578719079e-06,0.001499442383646965,400,0.2656243900958456,3.7486059591174124e-06,0.005644972523441538,49,1,0.002546778123360127,800,0.14083611449100225,3.183472654200159e-06,0.011637916788458824,400,0.6435735277534327,2.909479197114706e-05,0.003898579627275467,400,0.2155903577555651,9.746449068188667e-06,0.01808327453909442,0.0005700276014977135,800,0.21914962038936772,7.125345018721418e-07,0.0014282820047810674,400,0.5491093033641311,3.5707050119526686e-06,0.0006027790950611234,400,0.23174107624650114,1.5069477376528085e-06,0.0026010887013399042
0.007578195596579462,3200,0.7914901903874089,2.368186123931082e-06,0.001996396342292428,3200,0.20850980961259116,6.238738569663838e-07,0.0,0,0.0,0.0,0.00957459193887189,50,0,0.0005159953543625306,3200,0.24204583479160646,1.6124854823829082e-07,0.0016158130893018097,3200,0.7579541652083935,5.049415904068155e-07,0.0,0,0.0,0.0,0.0021318084436643403,0.003999852720880881,3200,0.8299161508913786,1.2499539752752752e-06,0.0008197338320314884,3200,0.17008384910862145,2.5616682250984015e-07,0.0,0,0.0,0.0,0.004819586552912369
0.0007868387328926474,800,0.09207320330325156,9.835484161158092e-07,0.007758956402540207,800,0.9079267966967485,9.698695503175259e-06,0.0,0,0.0,0.0,0.008545795135432854,50,1,0.005707438220269978,800,0.24071247523457248,7.134297775337473e-06,0.018003165954723954,800,0.7592875247654275,2.2503957443404942e-05,0.0,0,0.0,0.0,0.023710604174993932,0.0003618733535404317,800,0.08194155567936064,4.5234169192553965e-07,0.004054363933391869,800,0.9180584443206393,5.067954916739837e-06,0.0,0,0.0,0.0,0.004416237286932301
0.0024807146983221173,3200,0.675104505247576,7.752233432256616e-07,0.001193849282572046,3200,0.324895494752424,3.7307790080376434e-07,0.0,0,0.0,0.0,0.0036745639808941633,51,0,0.002191200212109834,3200,0.5028440247271792,6.847500662843231e-07,0.002166413887607632,3200,0.49715597527282085,6.770043398773851e-07,0.0,0,0.0,0.0,0.004357614099717466,0.0011553070798981935,3200,0.6745588963186022,3.6103346246818545e-07,0.0005573781818384305,3200,0.3254411036813977,1.7418068182450952e-07,0.0,0,0.0,0.0,0.001712685261736624
0.0028311317146290094,800,0.41456278572643973,3.5389146432862615e-06,0.00399806717177853,800,0.5854372142735603,4.997583964723162e-06,0.0,0,0.0,0.0,0.006829198886407539,51,1,0.012629089877009392,800,0.49502036963644236,1.578636234626174e-05,0.012883173156296834,800,0.5049796303635576,1.6103966445371042e-05,0.0,0,0.0,0.0,0.025512263033306226,0.0012010407954221591,800,0.35438858033548915,1.5013009942776988e-06,0.0021880097046960145,800,0.6456114196645109,2.7350121308700183e-06,0.0,0,0.0,0.0,0.0033890505001181737
0.015225775947328657,6400,1.0,2.3790274917701028e-06,0.0,0,0.0,0.0,0.0,0,0.0,0.0,0.015225775947328657,52,0,0.005983213079161942,6400,1.0,9.348770436190535e-07,0.0,0,0.0,0.0,0.0,0,0.0,0.0,0.005983213079161942,0.008323083908180706,6400,1.0,1.3004818606532353e-06,0.0,0,0.0,0.0,0.0,0,0.0,0.0,0.008323083908180706
0.004514091619057581,1600,1.0,2.821307261910988e-06,0.0,0,0.0,0.0,0.0,0,0.0,0.0,0.004514091619057581,52,1,0.038752170745283365,1600,1.0,2.4220106715802104e-05,0.0,0,0.0,0.0,0.0,0,0.0,0.0,0.038752170745283365,0.0021138703887118027,1600,1.0,1.3211689929448766e-06,0.0,0,0.0,0.0,0.0,0,0.0,0.0,0.0021138703887118027
0.015352634945884347,6400,1.0,2.3988492102944293e-06,0.0,0,0.0,0.0,0.0,0,0.0,0.0,0.015352634945884347,53,0,0.004600735497660935,6400,1.0,7.18864921509521e-07,0.0,0,0.0,0.0,0.0,0,0.0,0.0,0.004600735497660935,0.007157521235058084,6400,1.0,1.1183626929778256e-06,0.0,0,0.0,0.0,0.0,0,0.0,0.0,0.007157521235058084
0.06638470201869495,1600,1.0,4.1490438761684345e-05,0.0,0,0.0,0.0,0.0,0,0.0,0.0,0.06638470201869495,53,1,0.019533678889274597,1600,1.0,1.2208549305796623e-05,0.0,0,0.0,0.0,0.0,0,0.0,0.0,0.019533678889274597,0.027513649576576427,1600,1.0,1.7196030985360266e-05,0.0,0,0.0,0.0,0.0,0,0.0,0.0,0.027513649576576427
0.002571760560385883,6400,1.0,4.018375875602942e-07,0.0,0,0.0,0.0,0.0,0,0.0,0.0,0.002571760560385883,54,0,0.004800909839104861,6400,1.0,7.501421623601346e-07,0.0,0,0.0,0.0,0.0,0,0.0,0.0,0.004800909839104861,0.001233066534041427,6400,1.0,1.9266664594397298e-07,0.0,0,0.0,0.0,0.0,0,0.0,0.0,0.001233066534041427
0.002558712105383165,1600,1.0,1.5991950658644783e-06,0.0,0,0.0,0.0,0.0,0,0.0,0.0,0.002558712105383165,54,1,0.01554334064712748,1600,1.0,9.714587904454674e-06,0.0,0,0.0,0.0,0.0,0,0.0,0.0,0.01554334064712748,0.0014400916425074684,1600,1.0,9.000572765671677e-07,0.0,0,0.0,0.0,0.0,0,0.0,0.0,0.0014400916425074684
0.01015969953732565,6400,1.0,1.587453052707133e-06,0.0,0,0.0,0.0,0.0,0,0.0,0.0,0.01015969953732565,55,0,0.007810334558598697,6400,1.0,1.2203647747810464e-06,0.0,0,0.0,0.0,0.0,0,0.0,0.0,0.007810334558598697,0.003837329648376908,6400,1.0,5.995827575588919e-07,0.0,0,0.0,0.0,0.0,0,0.0,0.0,0.003837329648376908
0.00505267995322356,1600,1.0,3.157924970764725e-06,0.0,0,0.0,0.0,0.0,0,0.0,0.0,0.00505267995322356,55,1,0.05867631337605417,1600,1.0,3.667269586003386e-05,0.0,0,0.0,0.0,0.0,0,0.0,0.0,0.05867631337605417,0.002365019887292874,1600,1.0,1.4781374295580463e-06,0.0,0,0.0,0.0,0.0,0,0.0,0.0,0.002365019887292874
0.001856885413872078,3200,0.6911235517686792,5.802766918350244e-07,0.000829877913929522,3200,0.30887644823132077,2.5933684810297564e-07,0.0,0,0.0,0.0,0.0026867633278016,56,0,0.0006413916416931897,3200,0.4766848049323508,2.0043488802912179e-07,0.0007041340286377817,3200,0.5233151950676491,2.2004188394930678e-07,0.0,0,0.0,0.0,0.0013455256703309715,0.0006916987404110841,3200,0.6753844956927365,2.161558563784638e-07,0.0003324567514937371,3200,0.32461550430726355,1.0389273484179285e-07,0.0,0,0.0,0.0,0.0010241554919048212
0.0011139934649690986,800,0.4235197305089983,1.3924918312113732e-06,0.001516329008154571,800,0.5764802694910016,1.8954112601932138e-06,0.0,0,0.0,0.0,0.0026303224731236696,56,1,0.014657536521553993,800,0.6347854536116236,1.8321920651942492e-05,0.008432999718934298,800,0.3652145463883764,1.0541249648667872e-05,0.0,0,0.0,0.0,0.02309053624048829,0.0005517819372471422,800,0.47031770927328553,6.897274215589277e-07,0.0006214291206561029,800,0.5296822907267145,7.767864008201287e-07,0.0,0,0.0,0.0,0.001173211057903245
0.006608519004657865,6400,1.0,1.0325810944777913e-06,0.0,0,0.0,0.0,0.0,0,0.0,0.0,0.006608519004657865,57,0,0.004694189759902656,6400,1.0,7.3346714998479e-07,0.0,0,0.0,0.0,0.0,0,0.0,0.0,0.004694189759902656,0.003366841861861758,6400,1.0,5.260690409158996e-07,0.0,0,0.0,0.0,0.0,0,0.0,0.0,0.003366841861861758
0.00687606508108729,1600,1.0,4.297540675679556e-06,0.0,0,0.0,0.0,0.0,0,0.0,0.0,0.00687606508108729,57,1,0.04787308629602194,1600,1.0,2.992067893501371e-05,0.0,0,0.0,0.0,0.0,0,0.0,0.0,0.04787308629602194,0.0033246052325921482,1600,1.0,2.0778782703700926e-06,0.0,0,0.0,0.0,0.0,0,0.0,0.0,0.0033246052325921482
0.004161560886132065,4800,0.8781998628848194,8.669918512775136e-07,0.0005771791911683977,1600,0.12180013711518055,3.6073699448024856e-07,0.0,0,0.0,0.0,0.004738740077300463,58,0,0.0038749712985008955,4800,0.9780340514341617,8.072856871876866e-07,8.702909690327942e-05,1600,0.02196594856583838,5.439318556454964e-08,0.0,0,0.0,0.0,0.003962000395404175,0.0015628766814188566,4800,0.823505998937421,3.2559930862892846e-07,0.00033495610114187,1600,0.17649400106257893,2.0934756321366875e-07,0.0,0,0.0,0.0,0.0018978327825607266
0.0014645423798356205,1200,0.280778113470981,1.2204519831963505e-06,0.0037514709401875734,400,0.7192218865290191,9.378677350468934e-06,0.0,0,0.0,0.0,0.005216013320023194,58,1,0.029240410774946213,1200,0.9840397058091179,2.4367008979121844e-05,0.0004742548044305295,400,0.015960294190882053,1.1856370110763236e-06,0.0,0,0.0,0.0,0.029714665579376742,0.0006045268310117535,1200,0.21966652638962164,5.037723591764613e-07,0.0021474938839673996,400,0.7803334736103784,5.368734709918499e-06,0.0,0,0.0,0.0,0.002752020714979153
0.007020988210570067,6400,1.0,1.097029407901573e-06,0.0,0,0.0,0.0,0.0,0,0.0,0.0,0.007020988210570067,59,0,0.0034777483670040965,6400,1.0,5.433981823443901e-07,0.0,0,0.0,0.0,0.0,0,0.0,0.0,0.0034777483670040965,0.003361932234838605,6400,1.0,5.253019116935321e-07,0.0,0,0.0,0.0,0.0,0,0.0,0.0,0.003361932234838605
0.004153354340814985,1600,1.0,2.595846463009366e-06,0.0,0,0.0,0.0,0.0,0,0.0,0.0,0.004153354340814985,59,1,0.03647705039475113,1600,1.0,2.2798156496719457e-05,0.0,0,0.0,0.0,0.0,0,0.0,0.0,0.03647705039475113,0.001669854944339022,1600,1.0,1.0436593402118888e-06,0.0,0,0.0,0.0,0.0,0,0.0,0.0,0.001669854944339022
0.005096609878819436,4800,0.8545478069807482,1.061793724754049e-06,0.0008674916462041438,1600,0.1454521930192518,5.421822788775898e-07,0.0,0,0.0,0.0,0.00596410152502358,60,0,0.0021319608204066753,4800,0.508058315696084,4.441585042513907e-07,0.0020643307361751795,1600,0.4919416843039161,1.2902067101094872e-06,0.0,0,0.0,0.0,0.004196291556581855,0.0018160873296437785,4800,0.849380298576635,3.783515270091205e-07,0.00032204482704401016,1600,0.15061970142336498,2.0127801690250634e-07,0.0,0,0.0,0.0,0.0021381321566877887
0.005606888793408871,1200,0.9390363833546944,4.6724073278407255e-06,0.0003640074282884598,400,0.06096361664530561,9.100185707211494e-07,0.0,0,0.0,0.0,0.0059708962216973305,60,1,0.02370319003239274,1200,0.46200590922526785,1.9752658360327284e-05,0.027601759880781174,400,0.5379940907747321,6.900439970195294e-05,0.0,0,0.0,0.0,0.051304949913173914,0.0019502915674820542,1200,0.9386173870524896,1.6252429729017118e-06,0.00012754290946759284,400,0.061382612947510365,3.188572736689821e-07,0.0,0,0.0,0.0,0.002077834476949647
0.005793203599750996,4800,0.7340562333070608,1.2069174166147908e-06,0.0020988397300243378,1600,0.2659437666929391,1.311774831265211e-06,0.0,0,0.0,0.0,0.007892043329775333,61,0,0.002247200347483158,4800,0.8551364782394717,4.6816673905899126e-07,0.00038068467983976007,1600,0.1448635217605283,2.3792792489985003e-07,0.0,0,0.0,0.0,0.002627885027322918,0.002953961695311591,4800,0.7036063079792362,6.154086865232482e-07,0.0012443544110283256,1600,0.2963936920207638,7.777215068927034e-07,0.0,0,0.0,0.0,0.004198316106339917
0.024258093209937215,1200,0.6649127175241271,2.021507767494768e-05,0.012225030921399593,400,0.33508728247587294,3.056257730349898e-05,0.0,0,0.0,0.0,0.03648312413133681,61,1,0.023821890354156494,1200,0.8572420732021716,1.9851575295130412e-05,0.00396709842607379,400,0.1427579267978284,9.917746065184473e-06,0.0,0,0.0,0.0,0.027788988780230284,0.014110009418800473,1200,0.6720284796577747,1.1758341182333728e-05,0.006886138580739498,400,0.3279715203422254,1.7215346451848747e-05,0.0,0,0.0,0.0,0.02099614799953997
0.0074133885209448636,6400,1.0,1.1583419563976349e-06,0.0,0,0.0,0.0,0.0,0,0.0,0.0,0.0074133885209448636,62,0,0.006309832562692463,6400,1.0,9.859113379206974e-07,0.0,0,0.0,0.0,0.0,0,0.0,0.0,0.006309832562692463,0.003016224189195782,6400,1.0,4.712850295618409e-07,0.0,0,0.0,0.0,0.0,0,0.0,0.0,0.003016224189195782
0.0147986332885921,1600,1.0,9.249145805370062e-06,0.0,0,0.0,0.0,0.0,0,0.0,0.0,0.0147986332885921,62,1,0.05550621170550585,1600,1.0,3.469138231594116e-05,0.0,0,0.0,0.0,0.0,0,0.0,0.0,0.05550621170550585,0.006636457052081823,1600,1.0,4.147785657551139e-06,0.0,0,0.0,0.0,0.0,0,0.0,0.0,0.006636457052081823
0.012344247894361615,6400,1.0,1.9287887334940025e-06,0.0,0,0.0,0.0,0.0,0,0.0,0.0,0.012344247894361615,63,0,0.011157023982377723,6400,1.0,1.7432849972465192e-06,0.0,0,0.0,0.0,0.0,0,0.0,0.0,0.011157023982377723,0.0067166849912609905,6400,1.0,1.0494820298845298e-06,0.0,0,0.0,0.0,0.0,0,0.0,0.0,0.0067166849912609905
0.013035163206950529,1600,1.0,8.14697700434408e-06,0.0,0,0.0,0.0,0.0,0,0.0,0.0,0.013035163206950529,63,1,0.057617560029029846,1600,1.0,3.601097501814365e-05,0.0,0,0.0,0.0,0.0,0,0.0,0.0,0.057617560029029846,0.007315509185900737,1600,1.0,4.57219324118796e-06,0.0,0,0.0,0.0,0.0,0,0.0,0.0,0.007315509185900737
